
{
  "ID": 57,
  "Name": "Crag",
  "Class": "biomesoplenty.common.biome.overworld.BiomeGenCrag",
  "Root Height": 0.1,
  "Height Variation": 0.2,
  "Top Block": "biomesoplenty:crag_rock",
  "Filler Block": "biomesoplenty:crag_rock",
  "Grass Color": "Not set. Check in-game.",
  "Foliage Color": "Not set. Check in-game.",
  "Water Color": "944693",
  "Temperature": 0.5,
  "Humidity": 0.5,
  "Water Tint": 944693,
  "Enable Rain": true,
  "Enable Snow": false,
  "Dictionary Types": [
    "COLD",
    "DRY",
    "MAGICAL",
    "MOUNTAIN",
    "HILLS",
    "WASTELAND"
  ],
  "BiomeManager Entries": {},
  "Spawnable Creatures": [
    {
      "Entity Class": "betteragriculture.entity.entitymob.EntityMobSheep1",
      "Weight": 10,
      "Min Group Count": 2,
      "Max Group Count": 4
    },
    {
      "Entity Class": "betteragriculture.entity.entitymob.EntityMobSheep2",
      "Weight": 10,
      "Min Group Count": 2,
      "Max Group Count": 4
    },
    {
      "Entity Class": "betteragriculture.entity.entitymob.EntityMobSheep3",
      "Weight": 10,
      "Min Group Count": 2,
      "Max Group Count": 4
    },
    {
      "Entity Class": "betteragriculture.entity.entitymob.EntityMobSheep4",
      "Weight": 10,
      "Min Group Count": 2,
      "Max Group Count": 4
    },
    {
      "Entity Class": "betteragriculture.entity.entitymob.EntityMobSheep5",
      "Weight": 10,
      "Min Group Count": 2,
      "Max Group Count": 4
    },
    {
      "Entity Class": "betteragriculture.entity.entitymob.EntityMobSheep6",
      "Weight": 10,
      "Min Group Count": 2,
      "Max Group Count": 4
    },
    {
      "Entity Class": "betteragriculture.entity.entitymob.EntityMobSheep7",
      "Weight": 10,
      "Min Group Count": 2,
      "Max Group Count": 4
    },
    {
      "Entity Class": "betteragriculture.entity.entitymob.EntityMobSheep8",
      "Weight": 10,
      "Min Group Count": 2,
      "Max Group Count": 4
    },
    {
      "Entity Class": "betteragriculture.entity.entitymob.EntityMobSheep9",
      "Weight": 10,
      "Min Group Count": 2,
      "Max Group Count": 4
    },
    {
      "Entity Class": "betteragriculture.entity.entitymob.EntityMobSheep10",
      "Weight": 10,
      "Min Group Count": 2,
      "Max Group Count": 4
    }
  ],
  "Spawnable Monsters": [
    {
      "Entity Class": "net.minecraft.entity.monster.EntitySpider",
      "Weight": 100,
      "Min Group Count": 4,
      "Max Group Count": 4
    },
    {
      "Entity Class": "net.minecraft.entity.monster.EntityZombie",
      "Weight": 100,
      "Min Group Count": 4,
      "Max Group Count": 4
    },
    {
      "Entity Class": "net.minecraft.entity.monster.EntitySkeleton",
      "Weight": 100,
      "Min Group Count": 4,
      "Max Group Count": 4
    },
    {
      "Entity Class": "net.minecraft.entity.monster.EntityCreeper",
      "Weight": 100,
      "Min Group Count": 4,
      "Max Group Count": 4
    },
    {
      "Entity Class": "net.minecraft.entity.monster.EntitySlime",
      "Weight": 100,
      "Min Group Count": 4,
      "Max Group Count": 4
    },
    {
      "Entity Class": "net.minecraft.entity.monster.EntityEnderman",
      "Weight": 10,
      "Min Group Count": 1,
      "Max Group Count": 4
    },
    {
      "Entity Class": "net.minecraft.entity.monster.EntityWitch",
      "Weight": 5,
      "Min Group Count": 1,
      "Max Group Count": 1
    },
    {
      "Entity Class": "p455w0rd.p455w0rdsthings.entity.EntityEnderman2",
      "Weight": 3,
      "Min Group Count": 1,
      "Max Group Count": 2
    },
    {
      "Entity Class": "flaxbeard.cyberware.common.entity.EntityCyberZombie",
      "Weight": 15,
      "Min Group Count": 1,
      "Max Group Count": 1
    }
  ],
  "Spawnable Water Creatures": [],
  "Spawnable Cave Creatures": [
    {
      "Entity Class": "net.minecraft.entity.passive.EntityBat",
      "Weight": 10,
      "Min Group Count": 8,
      "Max Group Count": 8
    }
  ],
  "Spawn Biome": false,
  "Tweaked": false
}