
{
  "ID": 107,
  "Name": "Volcanic Island",
  "Class": "biomesoplenty.common.biome.overworld.BiomeGenVolcanicIsland",
  "Root Height": 0.1,
  "Height Variation": 0.2,
  "Top Block": "biomesoplenty:ash_block",
  "Filler Block": "biomesoplenty:ash_block",
  "Grass Color": "Not set. Check in-game.",
  "Foliage Color": "Not set. Check in-game.",
  "Water Color": "16777215",
  "Temperature": 1.2,
  "Humidity": 0.2,
  "Water Tint": 16777215,
  "Enable Rain": true,
  "Enable Snow": false,
  "Dictionary Types": [
    "HOT",
    "DRY",
    "DEAD",
    "OCEAN",
    "RIVER",
    "MOUNTAIN",
    "WASTELAND"
  ],
  "BiomeManager Entries": {},
  "Spawnable Creatures": [],
  "Spawnable Monsters": [],
  "Spawnable Water Creatures": [
    {
      "Entity Class": "net.minecraft.entity.passive.EntitySquid",
      "Weight": 10,
      "Min Group Count": 4,
      "Max Group Count": 4
    }
  ],
  "Spawnable Cave Creatures": [
    {
      "Entity Class": "net.minecraft.entity.passive.EntityBat",
      "Weight": 10,
      "Min Group Count": 8,
      "Max Group Count": 8
    }
  ],
  "Spawn Biome": false,
  "Tweaked": false
}