{
  "oasis": 101,
  "woodland": 97,
  "shrubland": 88,
  "xeric_shrubland": 98,
  "tropical_rainforest": 93,
  "fen": 61,
  "steppe": 91,
  "bayou": 43,
  "overgrown_cliffs": 80,
  "highland": 66,
  "volcanic_island": 107,
  "quagmire": 82,
  "marsh": 72,
  "chaparral": 47,
  "flower_island": 108,
  "flower_field": 62,
  "wetland": 96,
  "mystic_grove": 76,
  "cold_desert": 49,
  "mountain_foothills": 99,
  "maple_woods": 71,
  "coral_reef": 102,
  "orchard": 78,
  "moor": 74,
  "land_of_lakes": 67,
  "bog": 44,
  "coniferous_forest": 56,
  "eucalyptus_forest": 60,
  "outback": 79,
  "shield": 87,
  "alps": 41,
  "wasteland": 95,
  "lush_desert": 69,
  "mangrove": 104,
  "boreal_forest": 45,
  "redwood_forest": 84,
  "cherry_blossom_grove": 48,
  "snowy_forest": 90,
  "seasonal_forest": 86,
  "temperate_rainforest": 92,
  "dead_forest": 58,
  "bamboo_forest": 42,
  "dead_swamp": 59,
  "kelp_forest": 103,
  "heathland": 65,
  "glacier": 100,
  "meadow": 73,
  "lush_swamp": 70,
  "mountain_peaks": 75,
  "tropical_island": 106,
  "grassland": 63,
  "prairie": 81,
  "snowy_coniferous_forest": 89,
  "tundra": 94,
  "origin_island": 105,
  "gravel_beach": 40,
  "grove": 64,
  "lavender_fields": 68,
  "rainforest": 83,
  "sacred_springs": 85,
  "crag": 57,
  "brushland": 46,
  "ominous_woods": 77
}