[
  {
    "_comment": "Cobblestone + Lava => Stone",
    "input_stack": { "name": "cobblestone" },
    "input_fluid": { "name": "lava", "quantity": 50 },
    "output": { "name": "stone" }
  },
  {
    "_comment": "Granite + Lava => Stone",
    "input_stack": { "name": "stone", "meta": 1 },
    "input_fluid": { "name": "lava", "quantity": 25 },
    "output": { "name": "stone" }
  },
  {
    "_comment": "Polished Granite + Lava => Granite",
    "input_stack": { "name": "stone", "meta": 2 },
    "input_fluid": { "name": "lava", "quantity": 25 },
    "output": { "name": "stone", "meta": 1 }
  },
  {
    "input_stack": { "name": "stone", "meta": 3 },
    "input_fluid": { "name": "lava", "quantity": 25 },
    "output": { "name": "stone" }
  },
  {
    "input_stack": { "name": "stone", "meta": 4 },
    "input_fluid": { "name": "lava", "quantity": 25 },
    "output": { "name": "stone", "meta": 3 }
  },
  {
    "input_stack": { "name": "stone", "meta": 5 },
    "input_fluid": { "name": "lava", "quantity": 25 },
    "output": { "name": "stone" }
  },
  {
    "input_stack": { "name": "stone", "meta": 6 },
    "input_fluid": { "name": "lava", "quantity": 25 },
    "output": { "name": "stone", "meta": 5 }
  }
]
