[{"name":"Crap","colour":"RED","weights":[50,50,50,5,0],"groups":[{"id":"d444758a-e88e-40b3-93b1-8b5b46237a25","limit":0,"items":[{"id":"metalliccrops:feather_seeds"}]},{"id":"582bf3b8-64cc-4deb-b0a6-546d8eb783bb","limit":0,"items":[{"id":"utilitybaseores:rotten_ore","amount":4}]},{"id":"3702cfcd-341d-4668-8d86-9b4f815b3855","limit":0,"items":[{"id":"minecraft:wool","damage":2,"amount":16},{"id":"minecraft:wool","damage":1,"amount":16}]},{"id":"2fe9eb80-fd4c-4628-82e4-69f6c62acbd0","limit":0,"items":[{"id":"minecraft:wool","damage":5,"amount":16},{"id":"minecraft:wool","amount":16}]},{"id":"4a7f1ca3-954b-495f-a716-8c08b257e477","limit":0,"items":[{"id":"minecraft:sapling","damage":2,"amount":4},{"id":"minecraft:sapling","damage":1,"amount":4},{"id":"minecraft:sapling","amount":4},{"id":"minecraft:sapling","damage":3,"amount":4}]}]},{"name":"Plain","colour":"GRAY","weights":[50,50,50,30,10],"groups":[{"id":"317e366c-c596-40b3-8301-dddfca08487d","limit":0,"items":[{"id":"tconstruct:edible","damage":11,"amount":4},{"id":"tconstruct:edible","damage":13,"amount":4},{"id":"tconstruct:edible","damage":10,"amount":4},{"id":"tconstruct:edible","damage":12,"amount":4}]},{"id":"21fa799f-22b6-4eb4-91c1-f53a999a678b","limit":0,"items":[{"id":"metalliccrops:rotten_seeds","amount":2}]},{"id":"b0ed99aa-3717-4c16-8379-16300865b3ba","limit":0,"items":[{"id":"minecraft:fish","damage":3,"amount":4},{"id":"minecraft:fish","amount":4},{"id":"minecraft:fish","damage":1,"amount":4},{"id":"minecraft:fish","damage":2,"amount":4}]},{"id":"66a5851f-777a-4d25-b4f0-b6bec5c75240","limit":0,"items":[{"id":"minecraft:rabbit","amount":4},{"id":"minecraft:porkchop","amount":4},{"id":"minecraft:mutton","amount":4},{"id":"minecraft:chicken","amount":4}]},{"id":"132d2d64-ec15-4cff-8f2d-090f237bee4a","limit":0,"items":[{"id":"utilitybaseores:rotten_ore","amount":4}]}]},{"name":"Common","colour":"GREEN","weights":[20,30,40,30,20],"groups":[{"id":"21a9ea24-068a-4229-8aca-92ec0837e7a6","limit":0,"items":[{"id":"minecraft:baked_potato","amount":4},{"id":"minecraft:cooked_beef","amount":4},{"id":"minecraft:cooked_mutton","amount":4},{"id":"minecraft:cooked_porkchop","amount":4}]},{"id":"b1595966-a303-4a67-a672-00c8e2d2b4ee","limit":0,"items":[{"id":"tp:woodBoots"},{"id":"tp:woodChestplate"},{"id":"tp:woodHelmet"},{"id":"tp:woodLeggings"}]},{"id":"2605c7d6-5845-4f67-9830-324b758c3326","limit":0,"items":[{"id":"minecraft:log","damage":2,"amount":16},{"id":"minecraft:log","amount":16},{"id":"minecraft:log","damage":3,"amount":16},{"id":"minecraft:log","damage":1,"amount":16}]},{"id":"2e3f463c-e3cf-4659-bb39-d7848bd65222","limit":0,"items":[{"id":"xlfoodmod:oreo_cake"},{"id":"xlfoodmod:cheese_cake"},{"id":"xlfoodmod:chocolate_cake"},{"id":"xlfoodmod:beer"}]},{"id":"a9933cf1-81a1-4c3b-8369-bc2088593dfb","limit":0,"items":[{"id":"minecraft:stained_glass","damage":3,"amount":64},{"id":"minecraft:stained_glass","amount":64},{"id":"minecraft:stained_glass","damage":1,"amount":64},{"id":"minecraft:stained_glass","damage":2,"amount":64}]},{"id":"a6025b56-8dd3-49e9-8035-fd2cbfdb1966","limit":0,"items":[{"id":"utilitybaseores:bone_ore","amount":4},{"id":"utilitybaseores:feather_ore","amount":4},{"id":"utilitybaseores:flint_ore","amount":4},{"id":"utilitybaseores:rotten_ore","amount":4}]},{"id":"a0d73fac-237b-4ed8-aee3-7f0371bf97c8","limit":0,"items":[{"id":"minecraft:dye","damage":10,"amount":16},{"id":"minecraft:dye","damage":12,"amount":16},{"id":"minecraft:dye","damage":15,"amount":16},{"id":"minecraft:dye","damage":14,"amount":16}]},{"id":"5d4666b6-282c-4e0d-8921-217aea5468fd","limit":0,"items":[{"id":"calculator:RottenPear"}]},{"id":"05f3d1b3-8e20-498d-b8b8-cbd3c3bca437","limit":0,"items":[{"id":"xlfoodmod:slice_of_pizza","amount":4},{"id":"xlfoodmod:spicy_chicken_wing","amount":4},{"id":"xlfoodmod:sausage","amount":4},{"id":"xlfoodmod:cooked_chicken_wing","amount":4}]},{"id":"4f063fec-acf8-42db-bf24-93db432f6489","limit":0,"items":[{"id":"minecraft:dirt","amount":64},{"id":"minecraft:cobblestone","amount":64},{"id":"minecraft:sand","amount":64},{"id":"minecraft:gravel","amount":64}]}]},{"name":"Uncommon","colour":"BLUE","weights":[5,10,15,20,25],"groups":[{"id":"c4f63e15-4b86-4afb-9508-ccad685260b3","limit":0,"items":[{"id":"tp:stoneChestplate"},{"id":"tp:stoneHelmet"},{"id":"tp:stoneLeggings"},{"id":"tp:stoneBoots"}]},{"id":"0c0aae40-8d5f-464f-bd5d-4ce5383a5834","limit":0,"items":[{"id":"nethermetals:nether_tin_ore","amount":4},{"id":"nethermetals:nether_osmium_ore","amount":4},{"id":"nethermetals:nether_copper_ore","amount":4},{"id":"nethermetals:nether_coal_ore","amount":4}]},{"id":"ca5ef919-3fb3-43a5-8f74-733337967089","limit":0,"items":[{"id":"randomthings:stainedBrick","damage":14,"amount":64},{"id":"randomthings:stainedBrick","damage":13,"amount":64},{"id":"randomthings:stainedBrick","damage":11,"amount":64},{"id":"randomthings:stainedBrick","damage":15,"amount":64}]},{"id":"3a8789c5-020f-4cc8-8b52-a95b4d200a46","limit":0,"items":[{"id":"tinkersaddons:modifier_item","damage":1}]},{"id":"ee0107f0-5500-407b-8470-69526c7d9bc5","limit":0,"items":[{"id":"libvulpes:productrod","damage":4,"amount":16}]},{"id":"6976f0ac-422b-40de-ab07-dd8a0968070f","limit":0,"items":[{"id":"metalliccrops:beef_seeds","amount":4},{"id":"metalliccrops:potato_seeds","amount":4},{"id":"metalliccrops:porkchop_seeds","amount":4},{"id":"metalliccrops:chicken_seeds","amount":4}]},{"id":"963ec647-319e-401d-aa50-d3cc86a6d8d1","limit":0,"items":[{"id":"libvulpes:productrod","damage":1,"amount":16}]},{"id":"17ab6cad-f067-4cdd-a0d4-094297e34a6d","limit":0,"items":[{"id":"quark:custom_chest","amount":4},{"id":"quark:custom_chest","damage":3,"amount":4},{"id":"quark:custom_chest","damage":2,"amount":4},{"id":"quark:custom_chest","damage":1,"amount":4}]},{"id":"c6c2368d-7ca6-492a-843e-fc4c3e8aa152","limit":0,"items":[{"id":"tp:StoneScythe"}]},{"id":"ce2f3954-e1d4-4358-b9f3-928aef428b45","limit":0,"items":[{"id":"modernmetals:cadmium_bow"}]},{"id":"f7675f48-5d51-402c-b2ca-a2f7dd3dbcb0","limit":0,"items":[{"id":"minecraft:spawn_egg","nbt":"{EntityTag:{id:\"betteragriculture.EntityMobSheep4\"}}"},{"id":"minecraft:spawn_egg","nbt":"{EntityTag:{id:\"betteragriculture.EntityMobSheep3\"}}"},{"id":"minecraft:spawn_egg","nbt":"{EntityTag:{id:\"betteragriculture.EntityMobSheep2\"}}"},{"id":"minecraft:spawn_egg","nbt":"{EntityTag:{id:\"betteragriculture.EntityMobSheep1\"}}"}]},{"id":"5655d6f7-d054-4014-9b80-dec321064137","limit":0,"items":[{"id":"microblockcbe:saw_stone"}]},{"id":"30c4e3c7-6e23-4290-9d0a-a6fa81429fd4","limit":0,"items":[{"id":"libvulpes:productfan","damage":6,"amount":4}]},{"id":"1408bef4-5af9-483b-b90f-dd94145c019a","limit":0,"items":[{"id":"extrautils2:wateringcan","damage":1000}]},{"id":"991eaf41-0a5c-4063-a65e-5d1dd404fbaf","limit":0,"items":[{"id":"calculator:CookedBroccoli","amount":4}]},{"id":"26584759-f5be-4346-9c0b-d6c9c7ed2c2f","limit":0,"items":[{"id":"biomesoplenty:ebony_door","amount":3},{"id":"biomesoplenty:cherry_door","amount":3},{"id":"biomesoplenty:sacred_oak_door","amount":3},{"id":"biomesoplenty:redwood_door","amount":3}]},{"id":"4d699ecb-6d5e-4083-93a2-07faa53df462","limit":0,"items":[{"id":"minecraft:banner","damage":13,"nbt":"{BlockEntityTag:{Base:13}}"},{"id":"minecraft:banner","damage":12,"nbt":"{BlockEntityTag:{Base:12}}"},{"id":"minecraft:banner","damage":10,"nbt":"{BlockEntityTag:{Base:10}}"},{"id":"minecraft:banner","damage":8,"nbt":"{BlockEntityTag:{Base:8}}"}]},{"id":"08fefc50-6b11-4fbf-a080-505319ee6810","limit":0,"items":[{"id":"randomthings:grassSeeds","amount":4},{"id":"randomthings:grassSeeds","damage":3,"amount":4},{"id":"randomthings:grassSeeds","damage":1,"amount":4},{"id":"randomthings:grassSeeds","damage":4,"amount":4}]},{"id":"6750227a-2508-4f3c-bc8f-74263f6af3ae","limit":0,"items":[{"id":"enderio:itemYetaWrench"}]},{"id":"cbe50ad4-dae8-412a-bfdd-e59a560ac50f","limit":0,"items":[{"id":"enderutilities:enderelevator","amount":2}]},{"id":"9f66d50e-f380-443d-9a61-0751ca04b008","limit":0,"items":[{"id":"refinedstorage:storage_disk","amount":4,"nbt":"{Items:[],Stored:0,Protocol:1}"}]},{"id":"b5c0ca15-3e7f-4d96-b968-d64c19bc9af9","limit":0,"items":[{"id":"endmetals:end_iron_ore","amount":4},{"id":"endmetals:end_coal_ore","amount":4},{"id":"endmetals:end_redstone_ore","amount":4},{"id":"endmetals:end_lapis_ore","amount":4}]},{"id":"3307285c-e88e-45c9-b5e1-0e6af05358b6","limit":0,"items":[{"id":"theoneprobe:probe_goggles"}]},{"id":"27d5436d-e134-4f1c-a976-c2d9fb6ac8ba","limit":0,"items":[{"id":"theoneprobe:gold_helmet_probe","nbt":"{theoneprobe:1}"}]},{"id":"b8a8e15c-be12-44ee-8c42-24995e1bc1bd","limit":0,"items":[{"id":"darkutils:chest_magic","amount":4},{"id":"darkutils:chest_royal","amount":4},{"id":"darkutils:chest_glass","amount":4},{"id":"darkutils:chest_jungle","amount":4}]},{"id":"7d907b56-3afd-46b9-8d0c-9393eaaa3ec8","limit":0,"items":[{"id":"theoneprobe:probe"}]},{"id":"d466941b-6045-4080-bf2c-d6b7b680b560","limit":0,"items":[{"id":"extrautils2:drum"}]},{"id":"910c0c2d-9f50-421c-bf3a-c706e00221c1","limit":0,"items":[{"id":"techreborn:sapphireLeggings"},{"id":"techreborn:sapphireHelmet"},{"id":"techreborn:sapphireBoots"},{"id":"techreborn:sapphireChestplate"}]},{"id":"88f53261-5397-4d2f-8df8-0a205a1d5c18","limit":0,"items":[{"id":"enderio:itemPowerConduit","amount":16}]},{"id":"79db4c13-cc02-47dc-8b56-b15187a3d8d1","limit":0,"items":[{"id":"redstonefluxarsenal:itemrfcapacitortier1","nbt":"{Energy:0}"}]},{"id":"a2d30432-c3fa-415b-bf54-ff8537fdcbc7","limit":0,"items":[{"id":"techreborn:sapphireSpade"},{"id":"techreborn:sapphireAxe"},{"id":"techreborn:sapphirePickaxe"},{"id":"techreborn:sapphireSword"}]},{"id":"1e6b3e3a-4a25-46fe-83e9-f65e1c0c70aa","limit":0,"items":[{"id":"advancedrocketry:dataPipe","amount":16}]},{"id":"4de8cc0a-8f93-40c0-b98a-725365a5cac4","limit":0,"items":[{"id":"basemetals:copper_nugget","amount":64},{"id":"basemetals:tin_nugget","amount":64},{"id":"basemetals:iron_nugget","amount":64},{"id":"basemetals:lead_nugget","amount":64}]},{"id":"de9e830c-e125-4bd5-b395-e47e799cf142","limit":0,"items":[{"id":"tp:MedKit","amount":4}]},{"id":"d2f79db0-ac02-4b0f-bfad-7544c92336de","limit":0,"items":[{"id":"metalliccrops:melon_seeds","amount":4},{"id":"metalliccrops:bone_seeds","amount":4},{"id":"metalliccrops:carrot_seeds","amount":4},{"id":"metalliccrops:slime_seeds","amount":4}]},{"id":"4b86dee6-3372-4d59-8ce2-1bcae60f5534","limit":0,"items":[{"id":"minecraft:stone_axe"},{"id":"minecraft:stone_shovel"},{"id":"minecraft:stone_hoe"},{"id":"minecraft:stone_pickaxe"}]},{"id":"86d1192e-525a-4921-ad0c-2460ec63d585","limit":0,"items":[{"id":"quark:rune","damage":2},{"id":"quark:rune","damage":10},{"id":"quark:rune","damage":11},{"id":"quark:rune","damage":1}]},{"id":"c031b5d9-ca67-44b5-bb19-20ff756475b7","limit":0,"items":[{"id":"metalliccrops:metallic_ore","amount":16}]},{"id":"48f4f7cd-8422-4c43-928c-30102ba5e91d","limit":0,"items":[{"id":"projectred-illumination:lamp","damage":16,"amount":16},{"id":"projectred-illumination:lamp","damage":27,"amount":16},{"id":"projectred-illumination:lamp","damage":25,"amount":16},{"id":"projectred-illumination:lamp","damage":17,"amount":16}]},{"id":"e369b069-8348-4c02-a464-b4f2abd6e7de","limit":0,"items":[{"id":"basemetals:iron_gear","amount":16}]},{"id":"09618179-3840-4fe6-a400-25734af60b4e","limit":0,"items":[{"id":"teslacorelib:gear_iron","amount":4},{"id":"teslacorelib:gear_gold","amount":4},{"id":"teslacorelib:gear_wood","amount":4},{"id":"teslacorelib:gear_stone","amount":4}]},{"id":"9121cdd1-02e7-43ab-a100-bad7aeb20398","limit":0,"items":[{"id":"randomthings:customWorkbench","nbt":"{woodName:\"minecraft:planks\",woodMeta:5}"},{"id":"randomthings:customWorkbench","nbt":"{woodName:\"minecraft:planks\",woodMeta:3}"},{"id":"randomthings:customWorkbench","nbt":"{woodName:\"minecraft:planks\",woodMeta:2}"},{"id":"randomthings:customWorkbench","nbt":"{woodName:\"minecraft:planks\",woodMeta:4}"}]},{"id":"4cc3250a-ed7a-4052-8e5a-bc3060f210bf","limit":0,"items":[{"id":"biomesoplenty:sapling_0","damage":4,"amount":4},{"id":"biomesoplenty:sapling_0","damage":3,"amount":4},{"id":"biomesoplenty:sapling_0","damage":1,"amount":4},{"id":"biomesoplenty:sapling_0","damage":2,"amount":4}]},{"id":"13ce5193-a2b5-40b5-9332-13da942bb8b6","limit":0,"items":[{"id":"minecraft:spawn_egg","nbt":"{EntityTag:{id:\"betteragriculture.EntityMobCow4\"}}"},{"id":"minecraft:spawn_egg","nbt":"{EntityTag:{id:\"betteragriculture.EntityMobCow3\"}}"},{"id":"minecraft:spawn_egg","nbt":"{EntityTag:{id:\"betteragriculture.EntityMobCow1\"}}"},{"id":"minecraft:spawn_egg","nbt":"{EntityTag:{id:\"betteragriculture.EntityMobCow2\"}}"}]},{"id":"a2da49d1-fffc-4692-b1a5-6f5577c3d362","limit":0,"items":[{"id":"calculator:Pear","amount":4}]},{"id":"616ad614-610a-4f35-aee5-4b7c0dbf591d","limit":0,"items":[{"id":"simplyjetpacks:itemJetpack","damage":1,"nbt":"{sjData:{Energy:1200}}"}]},{"id":"dbf5d447-665a-4cf5-866d-8f3582eea82f","limit":0,"items":[{"id":"thermalexpansion:upgrade","amount":4}]},{"id":"047238cc-fbf9-445a-b637-3e29301e5a6f","limit":0,"items":[{"id":"tconstruct:sharpening_kit","nbt":"{Material:\"wood\"}"},{"id":"tconstruct:sharpening_kit","nbt":"{Material:\"flint\"}"},{"id":"tconstruct:sharpening_kit","nbt":"{Material:\"cactus\"}"},{"id":"tconstruct:sharpening_kit","nbt":"{Material:\"stone\"}"}]},{"id":"92bc6463-b939-49cd-aae5-6ff8ee2d62e3","limit":0,"items":[{"id":"openglider:hang_glider_basic"}]},{"id":"60a648e9-91fc-496c-9571-ca5d8172c155","limit":0,"items":[{"id":"openmodularturrets:turret_base"}]}]},{"name":"Rare","colour":"ORANGE","weights":[3,6,12,18,21],"groups":[{"id":"d160d732-d006-45ac-bf89-79f16c739541","limit":0,"items":[{"id":"quark:ancient_tome","nbt":"{ench:[0:{lvl:3s,id:21s}]}"}]},{"id":"ed5079b2-b4d4-49a9-8ad5-ef1b0a9d7df8","limit":0,"items":[{"id":"redstonearsenal:tool.wrench_flux","nbt":"{Energy:160000}"}]},{"id":"e307e2ea-d0fd-4e7f-ab81-7345e906026c","limit":0,"items":[{"id":"enderio:itemPowerConduit","damage":1,"amount":16}]},{"id":"4136fc3b-74b5-4caa-ad3d-18c987c49c90","limit":0,"items":[{"id":"libvulpes:productrod","damage":6,"amount":16}]},{"id":"e7459838-2163-4548-943c-e493f4cf0dfa","limit":0,"items":[{"id":"fluxnetworks:FluxPoint","amount":4}]},{"id":"7cea9f07-51ee-45ac-923c-bccd08ffb05e","limit":0,"items":[{"id":"metalliccrops:tin_seeds","amount":8},{"id":"metalliccrops:lead_seeds","amount":8},{"id":"metalliccrops:iron_seeds","amount":8},{"id":"metalliccrops:copper_seeds","amount":8}]},{"id":"b5155b20-31f3-4ed7-a67a-42bef8d3c859","limit":0,"items":[{"id":"openglider:hang_glider_advanced"}]},{"id":"bae797e6-8608-49b8-9812-4b68f2905a89","limit":0,"items":[{"id":"thermalexpansion:frame","damage":64,"amount":4}]},{"id":"352a1d1b-0dcb-473a-9916-3283b5a0fee7","limit":0,"items":[{"id":"theoneprobe:diamond_helmet_probe","nbt":"{theoneprobe:1}"}]},{"id":"b8ac8ca3-f4fb-41de-a1e7-ab7ff510e820","limit":0,"items":[{"id":"fluxnetworks:FluxPlug","amount":4}]},{"id":"0eb4d436-78a0-4261-bd5c-989061399b05","limit":0,"items":[{"id":"modernmetals:zirconium_chestplate"}]},{"id":"e24d1b72-6420-4c84-ac42-aa34821a353e","limit":0,"items":[{"id":"ironbackpacks:ironBackpackUpgradeEmphasis"}]},{"id":"d180929b-94a1-4532-8fb2-90add23ddc52","limit":0,"items":[{"id":"quark:ancient_tome","nbt":"{ench:[0:{lvl:3s,id:35s}]}"}]},{"id":"51cd7fc8-651f-4595-9ce1-83e6b878ce12","limit":0,"items":[{"id":"redstonefluxarsenal:itemrfcapacitortier2","nbt":"{Energy:0}"}]},{"id":"d036306b-2aa7-4557-84e7-aa096289cd66","limit":0,"items":[{"id":"powersuits:powerTool","nbt":"{mmmpsmod:{}}"}]},{"id":"c8d5c4c3-0243-462f-b235-a120c5a77303","limit":0,"items":[{"id":"xlfoodmod:healthy_energy_drink","amount":4},{"id":"xlfoodmod:stealthy_energy_drink","amount":4},{"id":"xlfoodmod:deadly_energy_drink","amount":4},{"id":"xlfoodmod:super_energy_drink","amount":4}]},{"id":"3dd638e1-d200-475a-a4ed-fa4fff62601d","limit":0,"items":[{"id":"thermalexpansion:frame","amount":4}]},{"id":"092b81dc-abb6-48bd-b205-aecfd45a45ef","limit":0,"items":[{"id":"thermalexpansion:augment","damage":130},{"id":"thermalexpansion:augment","damage":273},{"id":"thermalexpansion:augment","damage":512}]},{"id":"9e619aba-75ee-4a4f-a1af-8362e134826d","limit":0,"items":[{"id":"usefulnullifiers:voidnullifierblock"}]},{"id":"990f35d3-2c44-491e-bb60-0c9d631c84ac","limit":0,"items":[{"id":"darkutils:ring","damage":6}]},{"id":"165727c2-4fac-4e68-ad09-0f1ff04413fd","limit":0,"items":[{"id":"ironbackpacks:goldBackpackStorageEmphasis"}]},{"id":"aeec9f6b-02cd-4bf9-9d97-c6fcfc1d2f24","limit":0,"items":[{"id":"extrautils2:goldenlasso"}]},{"id":"6a4af71d-bb22-4ba5-a578-9eaa9dae6632","limit":0,"items":[{"id":"basemetals:copper_chestplate"}]},{"id":"4888bbb3-5d80-4def-b8e2-529503657af1","limit":0,"items":[{"id":"refinedstorage:storage_disk","damage":1,"amount":4,"nbt":"{Items:[],Stored:0,Protocol:1}"}]},{"id":"0b97f457-fb62-4962-9da8-0a0eb328154b","limit":0,"items":[{"id":"extrautils2:enderlilly","amount":4}]},{"id":"ccef1fb4-e45a-4cdd-a071-1000f4313ec7","limit":0,"items":[{"id":"notenoughwands:illumination_wand"}]},{"id":"a73f3b30-f4d5-44b6-874e-c9fb430502a2","limit":0,"items":[{"id":"enderio:itemAlloy","damage":1,"amount":16}]},{"id":"4f27718a-a113-4db9-82c0-938a582a1717","limit":0,"items":[{"id":"enderio:itemItemConduit","amount":16}]},{"id":"2a8d38ad-5a34-4ba9-8a35-b721aacd0791","limit":0,"items":[{"id":"extrautils2:drum","damage":1}]},{"id":"641eedac-d94c-4e69-8ce1-6124324f984a","limit":0,"items":[{"id":"thermalfoundation:material","damage":257,"amount":16},{"id":"thermalfoundation:material","damage":256,"amount":16},{"id":"thermalfoundation:material","damage":259,"amount":16},{"id":"thermalfoundation:material","damage":258,"amount":16}]},{"id":"896d09d6-40c1-4324-ba8b-72f3d577a46a","limit":0,"items":[{"id":"chisel:chisel_diamond"}]},{"id":"4328c037-1db7-4eb6-a345-0e0c8aa0c27e","limit":0,"items":[{"id":"extrautils2:sickle_diamond"}]},{"id":"c54dc6c6-3533-4746-8c38-3b7d38aa64ee","limit":0,"items":[{"id":"libvulpes:productdust","damage":1,"amount":64},{"id":"libvulpes:productdust","amount":64},{"id":"libvulpes:productdust","damage":3,"amount":64},{"id":"libvulpes:productdust","damage":2,"amount":64}]},{"id":"dc6b1fa3-2308-4cfe-8243-77a495f2dd49","limit":0,"items":[{"id":"betterbuilderswands:wandDiamond"}]},{"id":"0e6c32c9-7659-4a11-8594-8642efa3318e","limit":0,"items":[{"id":"metalliccrops:manganese_seeds","amount":4},{"id":"metalliccrops:nickel_seeds","amount":4},{"id":"metalliccrops:uranium_seeds","amount":4},{"id":"metalliccrops:mercury_seeds","amount":4}]},{"id":"0e2ec9d3-add1-4702-a2af-a7b5312a9473","limit":0,"items":[{"id":"tp:EmeraldApple"}]},{"id":"cbbcca7e-3a4b-42af-94dd-7eef47e9ea5f","limit":0,"items":[{"id":"basemetals:adamantine_nugget","amount":64},{"id":"basemetals:nickel_nugget","amount":64},{"id":"basemetals:silver_nugget","amount":64},{"id":"basemetals:electrum_nugget","amount":64}]},{"id":"729d9d96-8095-4923-9f52-735d1d4d74e1","limit":0,"items":[{"id":"ironbackpacks:goldBackpackUpgradeEmphasis"}]},{"id":"3506a4ea-a6ed-4b8e-907d-fdde17bea748","limit":0,"items":[{"id":"tinkersaddons:modifier_item","damage":2}]},{"id":"234f208c-3528-483a-bf87-2cbdf0deddc2","limit":0,"items":[{"id":"darkutils:ring","damage":1}]},{"id":"9609dad4-fc36-4769-b4ba-f5fa7e871498","limit":0,"items":[{"id":"chiselsandbits:chisel_diamond"}]},{"id":"321c373f-4145-42da-8f9a-1f4b82c8a015","limit":0,"items":[{"id":"simplyjetpacks:itemJetpack","damage":2,"nbt":"{sjData:{}}"}]},{"id":"463be60f-cec8-4bb7-9523-d4c376eb717a","limit":0,"items":[{"id":"darkutils:ring","damage":4}]},{"id":"3fabb535-db8c-4394-ac17-1cca4bcd3d9f","limit":0,"items":[{"id":"quark:ancient_tome","nbt":"{ench:[0:{lvl:5s,id:18s}]}"}]},{"id":"2dd57888-530e-442f-9611-e162acd718eb","limit":0,"items":[{"id":"notenoughwands:building_wand"}]},{"id":"eef89aae-edbf-49da-8181-1d37366e34c9","limit":0,"items":[{"id":"metalliccrops:coldiron_seeds","amount":8},{"id":"metalliccrops:zinc_seeds","amount":8},{"id":"metalliccrops:magnesium_seeds","amount":8},{"id":"metalliccrops:zirconium_seeds","amount":8}]},{"id":"7d265089-9667-4279-87f7-0ed451771dbd","limit":0,"items":[{"id":"basemetals:invar_gear","amount":16},{"id":"basemetals:steel_gear","amount":16}]},{"id":"16bdbcbc-2331-4330-bce4-8223ceef16bf","limit":0,"items":[{"id":"omegacraft:energy_sword","damage":5}]},{"id":"cdd79eb5-8d66-4ba6-b0ec-7fa67b0663c3","limit":0,"items":[{"id":"ironbackpacks:ironBackpackStorageEmphasis"}]},{"id":"c21232ea-673e-4721-ba1b-37d43e9d6757","limit":0,"items":[{"id":"thermalexpansion:upgrade","damage":1,"amount":4}]},{"id":"847a3902-0811-4ee2-8c6d-6cb573551b3f","limit":0,"items":[{"id":"theoneprobe:iron_helmet_probe","nbt":"{theoneprobe:1}"}]},{"id":"bf447c95-5bc5-4f1c-a618-afbccb190c0d","limit":0,"items":[{"id":"tconstruct:sharpening_kit","nbt":"{Material:\"lead\"}"},{"id":"tconstruct:sharpening_kit","nbt":"{Material:\"netherrack\"}"},{"id":"tconstruct:sharpening_kit","nbt":"{Material:\"slime\"}"},{"id":"tconstruct:sharpening_kit","nbt":"{Material:\"copper\"}"}]},{"id":"b769ef9e-1a08-468b-b43f-6fa661af3ce0","limit":0,"items":[{"id":"enderio:itemAlloy","amount":16}]},{"id":"43e0ae3e-2162-4862-9d02-71a9cfc4542a","limit":0,"items":[{"id":"enderio:itemBasicCapacitor","damage":1,"amount":4}]},{"id":"d4646b9f-982d-400f-97d6-9ba6c4bb9d02","limit":0,"items":[{"id":"ironchest:BlockIronChest","damage":6,"amount":4}]},{"id":"3f51e2cb-2c70-42f8-9860-0ff2281789bd","limit":0,"items":[{"id":"ironchest:copperIronUpgrade"},{"id":"ironchest:copperSilverUpgrade"},{"id":"ironchest:silverGoldUpgrade"},{"id":"ironchest:ironGoldUpgrade"}]},{"id":"4641209c-0a74-441b-9043-1ef86fda110b","limit":0,"items":[{"id":"thermalexpansion:augment","damage":288},{"id":"thermalexpansion:augment","damage":321},{"id":"thermalexpansion:augment","damage":129}]},{"id":"2c297a0c-7fdd-4e31-926b-90d61a8c2db5","limit":0,"items":[{"id":"calculator:DiamondSapling","amount":4}]},{"id":"fe64d5fd-936a-433d-a8ce-742cfc709acc","limit":0,"items":[{"id":"minecraft:spawn_egg","amount":4,"nbt":"{EntityTag:{id:\"thermalfoundation.blizz\"}}"}]},{"id":"e8ccbaa2-5dad-42ab-80d0-19772bec4ad2","limit":0,"items":[{"id":"libvulpes:productplate","damage":2,"amount":16},{"id":"libvulpes:productplate","damage":1,"amount":16},{"id":"libvulpes:productplate","damage":4,"amount":16},{"id":"libvulpes:productplate","damage":3,"amount":16}]},{"id":"77138abe-f5c0-433b-89f6-8c473cfecbb0","limit":0,"items":[{"id":"enderio:itemFrankenSkull","amount":4}]}]},{"name":"Unique","colour":"PURPLE","weights":[1,2,3,4,30],"groups":[{"id":"18bbf20a-2616-407f-bd6c-4e0a7e1260b8","limit":0,"items":[{"id":"tp:DiamondApple"}]},{"id":"f92b9a65-33fc-4566-b73d-ed8a2286f43a","limit":0,"items":[{"id":"simplyjetpacks:itemJetpack","damage":4,"nbt":"{sjData:{Energy:0}}"}]},{"id":"881f8802-cc15-4e83-9fde-fc40a2ac8d3e","limit":0,"items":[{"id":"simplyjetpacks:itemJetpack","damage":8,"nbt":"{sjData:{Energy:0}}"}]},{"id":"7ef9623a-48b9-4259-87fe-1bc4e20dfdc5","limit":0,"items":[{"id":"thermalfoundation:material","damage":358,"amount":16},{"id":"thermalfoundation:material","damage":355,"amount":16},{"id":"thermalfoundation:material","damage":356,"amount":16},{"id":"thermalfoundation:material","damage":357,"amount":16}]},{"id":"7feaa93e-1457-4708-a16d-e5e4e2485e45","limit":0,"items":[{"id":"redstonefluxarsenal:itemrfcapacitortier3","nbt":"{Energy:0}"}]},{"id":"74333073-6904-4c86-801e-5efefba471f5","limit":0,"items":[{"id":"libvulpes:productplate","damage":9,"amount":16},{"id":"libvulpes:productplate","damage":10,"amount":16},{"id":"libvulpes:productplate","damage":6,"amount":16},{"id":"libvulpes:productplate","damage":7,"amount":16}]},{"id":"e9e20261-4ab9-4d98-8b8d-f44f8e1cb4e9","limit":0,"items":[{"id":"refinedstorage:storage_disk","damage":3,"amount":4,"nbt":"{Items:[],Stored:0,Protocol:1}"}]},{"id":"56246605-856c-4cfc-929b-6c3ccbb50626","limit":0,"items":[{"id":"refinedstorage:storage_disk","damage":2,"amount":4,"nbt":"{Items:[],Stored:0,Protocol:1}"}]},{"id":"b3caffc6-ae7f-476d-b806-e3d0ed9cf850","limit":0,"items":[{"id":"refinedstorage:wireless_crafting_grid","nbt":"{Energy:3200}"}]},{"id":"27fee1aa-3841-49a9-b56e-bf725b7b26d6","limit":0,"items":[{"id":"extrautils2:itembuilderswand"}]},{"id":"3582d918-e652-4043-ac26-8494a7bb6abf","limit":0,"items":[{"id":"enderio:itemTravelStaff","nbt":"{Energy:250000}"}]},{"id":"d34f1bb8-3b45-4e4a-ad68-8af6ca598e5b","limit":0,"items":[{"id":"notenoughwands:teleportation_wand"}]},{"id":"c7189ab4-8ef9-428a-b31c-1fb217ada4f0","limit":0,"items":[{"id":"utilitybaseores:ender_ore","amount":16},{"id":"utilitybaseores:prismarine_ore","amount":16},{"id":"utilitybaseores:slime_ore","amount":16},{"id":"utilitybaseores:gunpowder_ore","amount":16}]},{"id":"6bc7fe70-a475-41d0-a608-fca1eaaeeece","limit":0,"items":[{"id":"tconstruct:sharpening_kit","nbt":"{Material:\"wyvern_plustic\"}"},{"id":"tconstruct:sharpening_kit","nbt":"{Material:\"xu_demonic_metal\"}"},{"id":"tconstruct:sharpening_kit","nbt":"{Material:\"iridium\"}"},{"id":"tconstruct:sharpening_kit","nbt":"{Material:\"osmiridium\"}"}]},{"id":"820c10af-5fd1-4105-b0b5-2ea63e862ca5","limit":0,"items":[{"id":"enderio:itemBasicCapacitor","damage":2,"amount":4}]},{"id":"709859b2-7d0a-4c88-b5a3-3149d11c024b","limit":0,"items":[{"id":"thermalfoundation:material","damage":1024,"amount":4},{"id":"thermalfoundation:material","damage":1025,"amount":4},{"id":"thermalfoundation:material","damage":1026,"amount":4},{"id":"thermalfoundation:material","damage":2049,"amount":4}]},{"id":"ef14893b-5431-41eb-8d23-a78d36df8734","limit":0,"items":[{"id":"enderio:itemPowerConduit","damage":2,"amount":16}]},{"id":"0d34d0b1-4947-48c4-b5b4-14e9b623c940","limit":0,"items":[{"id":"libvulpes:productrod","damage":7,"amount":16}]},{"id":"dae0ec8f-3f84-4a4b-bfad-7457468a13a7","limit":0,"items":[{"id":"rftools:charged_porter","nbt":"{Energy:0}"}]},{"id":"e3771d9f-d8a0-4c69-8655-c292f52e1362","limit":0,"items":[{"id":"betterbuilderswands:wandUnbreakable","damage":12}]},{"id":"70865afc-747e-4fa2-89c6-5db7b0a70bf0","limit":0,"items":[{"id":"notenoughwands:capturing_wand"}]},{"id":"7cc8996c-b30f-4c95-9905-97c6aacf9dcf","limit":0,"items":[{"id":"redstonearsenal:tool.battlewrench_flux","nbt":"{Energy:160000}"}]},{"id":"b9685dc7-8129-4c7b-b1ef-55fc6ddd4f42","limit":0,"items":[{"id":"metalliccrops:aquarium_seeds","amount":4},{"id":"metalliccrops:starsteel_seeds","amount":4},{"id":"metalliccrops:redstone_seeds","amount":4},{"id":"metalliccrops:plutonium_seeds","amount":4}]},{"id":"b2ab8561-4881-45b4-83f7-c515e4ee725d","limit":0,"items":[{"id":"notenoughwands:swapping_wand"}]},{"id":"5e0ed0a8-af69-4011-9446-43e26a20a1e9","limit":0,"items":[{"id":"mekanism:Jetpack","nbt":"{mekData:{stored:{amount:24000,gasName:\"hydrogen\"}}}"}]},{"id":"ab1fdb44-ca96-4255-83ca-532ea3ced8ff","limit":0,"items":[{"id":"tp:GoldenApple"}]},{"id":"9fbd971e-d23a-437b-9a9b-d59574dbd396","limit":0,"items":[{"id":"ironchest:diamondObsidianUpgrade"}]},{"id":"7c5183b2-3e35-40da-b0c6-dd4af69a1ea1","limit":0,"items":[{"id":"metalliccrops:ender_seeds","amount":4},{"id":"metalliccrops:gunpowder_seeds","amount":4},{"id":"metalliccrops:cadmium_seeds","amount":4},{"id":"metalliccrops:tantalum_seeds","amount":4}]},{"id":"c00deca5-9cd6-41b0-b8c4-a1789d7b32dc","limit":0,"items":[{"id":"extrautils2:drum","damage":2}]},{"id":"918b6948-3110-4100-91eb-8225e57deb20","limit":0,"items":[{"id":"ironbackpacks:diamondBackpackUpgradeEmphasis"}]},{"id":"08b3daaa-8e56-4957-a6b3-55f991e5c402","limit":0,"items":[{"id":"mob_grinding_utils:fan_upgrade"},{"id":"mob_grinding_utils:saw_upgrade","damage":3},{"id":"mob_grinding_utils:saw_upgrade"},{"id":"mob_grinding_utils:saw_upgrade","damage":1}]},{"id":"0ba931f4-d861-45c7-b064-73f2d92d42d9","limit":0,"items":[{"id":"metalliccrops:diamond_seeds","amount":4},{"id":"metalliccrops:blaze_seeds","amount":4},{"id":"metalliccrops:gold_seeds","amount":4},{"id":"metalliccrops:chromium_seeds","amount":4}]},{"id":"bb565d73-a419-4bbf-bb30-39ffb5d22bf7","limit":0,"items":[{"id":"tconstruct:sharpening_kit","nbt":"{Material:\"prismarine\"}"},{"id":"tconstruct:sharpening_kit","nbt":"{Material:\"firewood\"}"},{"id":"tconstruct:sharpening_kit","nbt":"{Material:\"sponge\"}"},{"id":"tconstruct:sharpening_kit","nbt":"{Material:\"obsidian\"}"}]},{"id":"6388bc00-d6f9-41f8-8327-85a2948af063","limit":0,"items":[{"id":"ironbackpacks:diamondBackpackStorageEmphasis","nbt":"{SortType:\"id\",MostSigUUID:5281306492644181827L,LeastSigUUID:-5138496156533321893L,Items:[]}"}]},{"id":"c8fe8ac4-0acd-4e33-a674-18cf1a041f50","limit":0,"items":[{"id":"tinkersaddons:modifier_item","damage":3}]},{"id":"575749b1-7d38-4410-ba3e-c550c21b3cd0","limit":0,"items":[{"id":"powersuits:tile.tinkerTable"}]},{"id":"458cd0d5-808e-4f88-b968-0c8828db21a0","limit":0,"items":[{"id":"mekanism:Robit","nbt":"{mekData:{energyStored:100000.0d}}"}]},{"id":"b381bf41-9474-4aa1-bd8d-42c2f07f4bb3","limit":0,"items":[{"id":"thermalexpansion:upgrade","damage":2,"amount":4}]},{"id":"78ce93bc-de59-415c-95be-0bb38c49ffdc","limit":0,"items":[{"id":"tconstruct:sharpening_kit","nbt":"{Material:\"electrum\"}"},{"id":"tconstruct:sharpening_kit","nbt":"{Material:\"silver\"}"},{"id":"tconstruct:sharpening_kit","nbt":"{Material:\"cobalt\"}"},{"id":"tconstruct:sharpening_kit","nbt":"{Material:\"ruby\"}"}]},{"id":"f108570a-9233-44ba-9ff8-0c196a988fc2","limit":0,"items":[{"id":"thermalexpansion:upgrade","damage":3,"amount":4}]},{"id":"57e5c428-e88b-4fa4-8a1d-24308c964d1b","limit":0,"items":[{"id":"libvulpes:productdust","damage":10,"amount":64},{"id":"libvulpes:productdust","damage":6,"amount":64},{"id":"libvulpes:productdust","damage":9,"amount":64},{"id":"libvulpes:productdust","damage":7,"amount":64}]},{"id":"35ad7c8f-eae5-4a64-a9ea-7d0868e64342","limit":0,"items":[{"id":"tinkersaddons:modifier_item","damage":4}]}]}]