{"name":"Machines","description":"Machines use by Advanced Rocketry.","quests":[{"uuid":"a22ff6d2-a66d-452c-9e51-9766bc489876","name":"Advanced Circuits!","description":"Make Advanced Circuits using the Cutting Machine.","x":117,"y":155,"icon":{"id":"advancedrocketry:ic","damage":2},"prerequisites":["f9c3265c-b05c-49e9-a43a-6cb018585d77"],"tasks":[{"type":"DETECT","longDescription":"Collect 16 Advanced Circuits.","items":[{"item":{"id":"advancedrocketry:ic","damage":2},"required":16,"precision":"ORE_DICTIONARY"}]}],"reward":[{"id":"libvulpes:productingot","damage":3,"amount":8},{"id":"hardcorequesting:bags","damage":3}],"rewardchoice":[{"id":"hardcorequesting:bags","damage":4},{"id":"xlfoodmod:healthy_energy_drink","amount":4},{"id":"xlfoodmod:strong_energy_drink","amount":4},{"id":"xlfoodmod:super_energy_drink","amount":4}],"commandrewards":[]},{"uuid":"71ad7b18-38ef-4ab4-81f1-89448f2f5872","name":"Dilithium Crystals!","description":"Make Dilithium Crystals using the Crystalizer.","x":85,"y":84,"icon":{"id":"libvulpes:productcrystal"},"prerequisites":["dbed69f4-b757-4be4-8542-3ef26a2c115b"],"tasks":[{"type":"DETECT","longDescription":"Collect 16 Dilithium Crystals.","items":[{"item":{"id":"libvulpes:productcrystal"},"required":16,"precision":"ORE_DICTIONARY"}]}],"reward":[{"id":"libvulpes:productcrystal","amount":8},{"id":"hardcorequesting:bags","damage":3}],"rewardchoice":[{"id":"hardcorequesting:bags","damage":4},{"id":"xlfoodmod:healthy_energy_drink","amount":4},{"id":"xlfoodmod:strong_energy_drink","amount":4},{"id":"xlfoodmod:super_energy_drink","amount":4}],"commandrewards":[]},{"uuid":"295176a3-45c0-4a6a-89ce-fca44d5fdb73","name":"Basic Circuit Plates!","description":"Make Basic Circuit Plates using the Precision Assembler.","x":57,"y":187,"icon":{"id":"advancedrocketry:itemCircuitPlate"},"prerequisites":["619d6f54-bc96-4be9-b4bd-2ca255ef5436"],"tasks":[{"type":"DETECT","longDescription":"Collect 16 Basic Circuit Plates.","items":[{"item":{"id":"advancedrocketry:itemCircuitPlate"},"required":16,"precision":"ORE_DICTIONARY"}]}],"reward":[{"id":"libvulpes:productingot","damage":3,"amount":8},{"id":"hardcorequesting:bags","damage":3}],"rewardchoice":[{"id":"hardcorequesting:bags","damage":4},{"id":"xlfoodmod:healthy_energy_drink","amount":4},{"id":"xlfoodmod:strong_energy_drink","amount":4},{"id":"xlfoodmod:super_energy_drink","amount":4}],"commandrewards":[]},{"uuid":"715278ed-df2d-48ee-ac0f-70451b91db49","name":"Plates","description":"Make Steel Plates using the Rolling Machine.","x":57,"y":120,"icon":{"id":"libvulpes:productplate","damage":6},"prerequisites":["d66f888e-a69b-4abd-ba3a-d8d4c0b4ad7d"],"tasks":[{"type":"DETECT","longDescription":"Collect 16 Steel Plates.","items":[{"item":{"id":"libvulpes:productplate","damage":6},"required":16,"precision":"ORE_DICTIONARY"}]}],"reward":[{"id":"libvulpes:productplate","damage":6,"amount":8},{"id":"hardcorequesting:bags","damage":2}],"rewardchoice":[{"id":"hardcorequesting:bags","damage":3},{"id":"xlfoodmod:speedy_energy_drink","amount":2},{"id":"xlfoodmod:healthy_energy_drink","amount":2},{"id":"xlfoodmod:strong_energy_drink","amount":2}],"commandrewards":[]},{"uuid":"4375a967-d6fd-4669-ab76-5473a937d265","name":"Tanks","description":"Make Tanks using the Rolling Machine.","x":118,"y":120,"icon":{"id":"advancedrocketry:pressureTank"},"prerequisites":["457dffaf-5bb8-4bb0-aaff-cc29434710da"],"tasks":[{"type":"DETECT","longDescription":"Collect 2 Tanks.","items":[{"item":{"id":"advancedrocketry:pressureTank"},"required":2,"precision":"ORE_DICTIONARY"}]}],"reward":[{"id":"advancedrocketry:pressureTank"},{"id":"hardcorequesting:bags","damage":3}],"rewardchoice":[{"id":"hardcorequesting:bags","damage":4},{"id":"xlfoodmod:healthy_energy_drink","amount":4},{"id":"xlfoodmod:strong_energy_drink","amount":4},{"id":"xlfoodmod:super_energy_drink","amount":4}],"commandrewards":[]},{"uuid":"66f07492-f25d-4c88-b6ef-88c10adce04a","name":"Titanium Rods!","description":"Make Titanium Rods using the Lathe.","x":114,"y":49,"icon":{"id":"libvulpes:productrod","damage":7},"prerequisites":["2f545e5c-3997-4235-a609-53ac7d62dc1d"],"tasks":[{"type":"DETECT","longDescription":"Collect 16 Titanium Rods.","items":[{"item":{"id":"libvulpes:productrod","damage":7},"required":16,"precision":"ORE_DICTIONARY"}]}],"reward":[{"id":"libvulpes:productrod","damage":7,"amount":8},{"id":"hardcorequesting:bags","damage":3}],"rewardchoice":[{"id":"hardcorequesting:bags","damage":4},{"id":"xlfoodmod:healthy_energy_drink","amount":4},{"id":"xlfoodmod:strong_energy_drink","amount":4},{"id":"xlfoodmod:super_energy_drink","amount":4}],"commandrewards":[]},{"uuid":"2213f272-9a61-4646-88aa-5982c331581e","name":"Electric Arc Furnace","description":"The Electric Arc Furnace can make Steel,Silicon and Titanium Ingots by smelting their necessary materials.","x":22,"y":16,"icon":{"id":"advancedrocketry:arcFurnace"},"tasks":[{"type":"DETECT","items":[{"item":{"id":"advancedrocketry:arcFurnace"}}]}],"reward":[{"id":"minecraft:sand","amount":4},{"id":"minecraft:iron_ingot","amount":4},{"id":"minecraft:coal","amount":4},{"id":"hardcorequesting:bags"}],"rewardchoice":[{"id":"hardcorequesting:bags","damage":1},{"id":"xlfoodmod:healthy_energy_drink","amount":2},{"id":"xlfoodmod:speedy_energy_drink","amount":2},{"id":"xlfoodmod:strong_energy_drink","amount":2}],"commandrewards":[]},{"uuid":"457dffaf-5bb8-4bb0-aaff-cc29434710da","name":"Sheets","description":"Make Steel Sheets using the Rolling Machine.","x":87,"y":120,"icon":{"id":"libvulpes:productsheet","damage":6},"prerequisites":["715278ed-df2d-48ee-ac0f-70451b91db49"],"tasks":[{"type":"DETECT","longDescription":"Collect 16 Steel Sheets.","items":[{"item":{"id":"libvulpes:productsheet","damage":6},"precision":"ORE_DICTIONARY"}]}],"reward":[{"id":"libvulpes:productsheet","damage":6,"amount":8},{"id":"hardcorequesting:bags","damage":3}],"rewardchoice":[{"id":"hardcorequesting:bags","damage":4},{"id":"xlfoodmod:healthy_energy_drink","amount":4},{"id":"xlfoodmod:strong_energy_drink","amount":4},{"id":"xlfoodmod:super_energy_drink","amount":4}],"commandrewards":[]},{"uuid":"6fd256c9-4e3d-4a1b-bcfb-83353cc23748","name":"Lathe","description":"The Lathe is a multistructure machine that can be used to automatic make Rods.","x":22,"y":49,"icon":{"id":"advancedrocketry:lathe"},"prerequisites":["2213f272-9a61-4646-88aa-5982c331581e"],"tasks":[{"type":"DETECT","items":[{"item":{"id":"advancedrocketry:lathe"}}]}],"reward":[{"id":"minecraft:iron_block"},{"id":"hardcorequesting:bags","damage":2}],"rewardchoice":[{"id":"hardcorequesting:bags","damage":3},{"id":"xlfoodmod:speedy_energy_drink","amount":4},{"id":"xlfoodmod:healthy_energy_drink","amount":4},{"id":"xlfoodmod:strong_energy_drink","amount":4}],"commandrewards":[]},{"uuid":"71d07cb1-375f-495b-992a-33acc313a340","name":"Silicon Wafer","description":"Make Silicon Wafer using the Cutting Machine.","x":57,"y":155,"icon":{"id":"advancedrocketry:wafer"},"prerequisites":["67efafb2-7a35-432b-a3b1-74b83ff99a76"],"tasks":[{"type":"DETECT","longDescription":"Collect 16 Silicon Wafer.","items":[{"item":{"id":"advancedrocketry:wafer"},"required":16,"precision":"ORE_DICTIONARY"}]}],"reward":[{"id":"libvulpes:productingot","damage":3,"amount":8},{"id":"hardcorequesting:bags","damage":3}],"rewardchoice":[{"id":"hardcorequesting:bags","damage":4},{"id":"xlfoodmod:healthy_energy_drink","amount":4},{"id":"xlfoodmod:strong_energy_drink","amount":4},{"id":"xlfoodmod:super_energy_drink","amount":4}],"commandrewards":[]},{"uuid":"d66f888e-a69b-4abd-ba3a-d8d4c0b4ad7d","name":"Rolling Machine","description":"The Lathe is a multistructure machine that can be used to automatic make Plates, Sheets and Pressure Tanks.","x":22,"y":120,"icon":{"id":"advancedrocketry:rollingMachine"},"prerequisites":["bf7dd005-c8e2-4e72-b4a5-eca6422ae6b6"],"tasks":[{"type":"DETECT","items":[{"item":{"id":"advancedrocketry:rollingMachine"}}]}],"reward":[{"id":"libvulpes:productplate","damage":1,"amount":8},{"id":"hardcorequesting:bags","damage":3}],"rewardchoice":[{"id":"hardcorequesting:bags","damage":4},{"id":"xlfoodmod:healthy_energy_drink","amount":6},{"id":"xlfoodmod:strong_energy_drink","amount":6},{"id":"xlfoodmod:super_energy_drink","amount":6}],"commandrewards":[]},{"uuid":"67efafb2-7a35-432b-a3b1-74b83ff99a76","name":"Cutting Machine","description":"The Lathe is a multistructure machine that can be used to automatic make Cirquits, Silicon Wafer or to cut Wood.","x":22,"y":155,"icon":{"id":"advancedrocketry:cuttingMachine"},"prerequisites":["d66f888e-a69b-4abd-ba3a-d8d4c0b4ad7d"],"tasks":[{"type":"DETECT","items":[{"item":{"id":"advancedrocketry:cuttingMachine"}}]}],"reward":[{"id":"libvulpes:productingot","damage":3,"amount":8},{"id":"hardcorequesting:bags","damage":3}],"rewardchoice":[{"id":"hardcorequesting:bags","damage":4},{"id":"xlfoodmod:healthy_energy_drink","amount":6},{"id":"xlfoodmod:strong_energy_drink","amount":6},{"id":"xlfoodmod:super_energy_drink","amount":6}],"commandrewards":[]},{"uuid":"19130942-5e09-4133-9843-ad68ca2e127a","name":"Iron Rods","description":"Make Iron Rods using the Lathe.","x":53,"y":49,"icon":{"id":"libvulpes:productrod","damage":1},"prerequisites":["6fd256c9-4e3d-4a1b-bcfb-83353cc23748"],"tasks":[{"type":"DETECT","longDescription":"Collect 16 Iron Rods.","items":[{"item":{"id":"libvulpes:productrod","damage":1},"required":16,"precision":"ORE_DICTIONARY"}]}],"reward":[{"id":"libvulpes:productrod","damage":1,"amount":8},{"id":"hardcorequesting:bags","damage":2}],"rewardchoice":[{"id":"hardcorequesting:bags","damage":3},{"id":"xlfoodmod:speedy_energy_drink","amount":2},{"id":"xlfoodmod:healthy_energy_drink","amount":2},{"id":"xlfoodmod:strong_energy_drink","amount":2}],"commandrewards":[]},{"uuid":"f1d1c142-021e-4b77-81c1-b1774e871a7c","name":"Steel!","description":"Make Steel using the Electric Arc Funace.","x":85,"y":16,"icon":{"id":"libvulpes:productingot","damage":6},"prerequisites":["d66c1e0e-1545-4db0-aa4c-c5450c162650"],"tasks":[{"type":"DETECT","longDescription":"Collect 16 Steel Ingots.","items":[{"item":{"id":"libvulpes:productingot","damage":6},"required":16,"precision":"ORE_DICTIONARY"}]}],"reward":[{"id":"libvulpes:productingot","damage":6,"amount":8},{"id":"hardcorequesting:bags","damage":2}],"rewardchoice":[{"id":"hardcorequesting:bags","damage":3},{"id":"xlfoodmod:speedy_energy_drink","amount":2},{"id":"xlfoodmod:healthy_energy_drink","amount":2},{"id":"xlfoodmod:strong_energy_drink","amount":2}],"commandrewards":[]},{"uuid":"30ff9d0f-a0d4-4bf8-ae81-4e94297f579a","name":"Control Circuit Board!","description":"Make Control Circuit Plates using the Precision Assembler.","x":87,"y":187,"icon":{"id":"advancedrocketry:ic","damage":3},"prerequisites":["295176a3-45c0-4a6a-89ce-fca44d5fdb73"],"tasks":[{"type":"DETECT","longDescription":"Collect 16 Control Circuit Boards.","items":[{"item":{"id":"advancedrocketry:ic","damage":3},"required":16,"precision":"ORE_DICTIONARY"}]}],"reward":[{"id":"libvulpes:productingot","damage":3,"amount":8},{"id":"hardcorequesting:bags","damage":3}],"rewardchoice":[{"id":"hardcorequesting:bags","damage":4},{"id":"xlfoodmod:healthy_energy_drink","amount":6},{"id":"xlfoodmod:strong_energy_drink","amount":6},{"id":"xlfoodmod:super_energy_drink","amount":6}],"commandrewards":[]},{"uuid":"dbed69f4-b757-4be4-8542-3ef26a2c115b","name":"Silicon Boule!","description":"Make Silicon Boule using the Crystalizer.","x":55,"y":84,"icon":{"id":"libvulpes:productboule","damage":3},"prerequisites":["bf7dd005-c8e2-4e72-b4a5-eca6422ae6b6"],"tasks":[{"type":"DETECT","longDescription":"Collect 16 Silicon Boule.","items":[{"item":{"id":"libvulpes:productboule","damage":3},"required":16,"precision":"ORE_DICTIONARY"}]}],"reward":[{"id":"libvulpes:productboule","damage":3,"amount":8},{"id":"hardcorequesting:bags","damage":2}],"rewardchoice":[{"id":"hardcorequesting:bags","damage":3},{"id":"xlfoodmod:speedy_energy_drink","amount":2},{"id":"xlfoodmod:healthy_energy_drink","amount":2},{"id":"xlfoodmod:strong_energy_drink","amount":2}],"commandrewards":[]},{"uuid":"1142802f-e5c2-418d-84c4-a6c1059d5aa0","name":"Copper Rods!","description":"Make Copper Rods using the Lathe.","x":143,"y":49,"icon":{"id":"libvulpes:productrod","damage":4},"prerequisites":["66f07492-f25d-4c88-b6ef-88c10adce04a"],"tasks":[{"type":"DETECT","longDescription":"Collect 16 Copper Rods.","items":[{"item":{"id":"libvulpes:productrod","damage":4},"required":16,"precision":"ORE_DICTIONARY"}]}],"reward":[{"id":"libvulpes:productrod","damage":4,"amount":8},{"id":"hardcorequesting:bags","damage":2}],"rewardchoice":[{"id":"hardcorequesting:bags","damage":3},{"id":"xlfoodmod:speedy_energy_drink","amount":4},{"id":"xlfoodmod:healthy_energy_drink","amount":4},{"id":"xlfoodmod:strong_energy_drink","amount":4}],"commandrewards":[]},{"uuid":"d66c1e0e-1545-4db0-aa4c-c5450c162650","name":"Silicon!","description":"Make Silicon using the Electric Arc Funace.","x":54,"y":16,"icon":{"id":"libvulpes:productingot","damage":3},"prerequisites":["2213f272-9a61-4646-88aa-5982c331581e"],"tasks":[{"type":"DETECT","longDescription":"Collect 16 Silicon Ingots.","items":[{"item":{"id":"libvulpes:productingot","damage":3},"required":16,"precision":"ORE_DICTIONARY"}]}],"reward":[{"id":"libvulpes:productingot","damage":3,"amount":8},{"id":"hardcorequesting:bags","damage":1}],"rewardchoice":[{"id":"hardcorequesting:bags","damage":2},{"id":"xlfoodmod:speedy_energy_drink","amount":3},{"id":"xlfoodmod:healthy_energy_drink","amount":3},{"id":"xlfoodmod:strong_energy_drink","amount":3}],"commandrewards":[]},{"uuid":"bf7dd005-c8e2-4e72-b4a5-eca6422ae6b6","name":"Crystalizer","description":"The Crystalizer is a multistructure machine that can be used to automatic make Dilithium Crystals and Silicon Boule.","x":22,"y":84,"icon":{"id":"advancedrocketry:crystallizer"},"prerequisites":["6fd256c9-4e3d-4a1b-bcfb-83353cc23748"],"tasks":[{"type":"DETECT","items":[{"item":{"id":"advancedrocketry:crystallizer"}}]}],"reward":[{"id":"libvulpes:productingot","damage":3,"amount":8},{"id":"hardcorequesting:bags","damage":3}],"rewardchoice":[{"id":"hardcorequesting:bags","damage":4},{"id":"xlfoodmod:healthy_energy_drink","amount":6},{"id":"xlfoodmod:strong_energy_drink","amount":6},{"id":"xlfoodmod:super_energy_drink","amount":6}],"commandrewards":[]},{"uuid":"f9c3265c-b05c-49e9-a43a-6cb018585d77","name":"Basic Cirquits!","description":"Make Basic Circuits using the Cutting Machine.","x":86,"y":155,"icon":{"id":"advancedrocketry:ic"},"prerequisites":["71d07cb1-375f-495b-992a-33acc313a340"],"tasks":[{"type":"DETECT","longDescription":"Collect 16 Basic Circuits.","items":[{"item":{"id":"advancedrocketry:ic"},"required":16,"precision":"ORE_DICTIONARY"}]}],"reward":[{"id":"libvulpes:productingot","damage":3,"amount":8},{"id":"hardcorequesting:bags","damage":3}],"rewardchoice":[{"id":"hardcorequesting:bags","damage":4},{"id":"xlfoodmod:healthy_energy_drink","amount":4},{"id":"xlfoodmod:strong_energy_drink","amount":4},{"id":"xlfoodmod:super_energy_drink","amount":4}],"commandrewards":[]},{"uuid":"d558b7e4-97cc-4a36-9ad7-8658af002198","name":"Titanium!","description":"Make Titanium Using the Electric Arc Funace.","x":116,"y":16,"icon":{"id":"libvulpes:productingot","damage":7},"prerequisites":["f1d1c142-021e-4b77-81c1-b1774e871a7c"],"tasks":[{"type":"DETECT","longDescription":"Collect 16 Titanium Ingots.","items":[{"item":{"id":"libvulpes:productingot","damage":7},"required":16,"precision":"ORE_DICTIONARY"}]}],"reward":[{"id":"libvulpes:productingot","damage":7,"amount":8},{"id":"hardcorequesting:bags","damage":3}],"rewardchoice":[{"id":"hardcorequesting:bags","damage":4},{"id":"xlfoodmod:healthy_energy_drink","amount":6},{"id":"xlfoodmod:strong_energy_drink","amount":6},{"id":"xlfoodmod:super_energy_drink","amount":6}],"commandrewards":[]},{"uuid":"2f545e5c-3997-4235-a609-53ac7d62dc1d","name":"Steel Rods!","description":"Make Steel Rods using the Lathe.","x":82,"y":49,"icon":{"id":"libvulpes:productrod","damage":6},"prerequisites":["19130942-5e09-4133-9843-ad68ca2e127a"],"tasks":[{"type":"DETECT","longDescription":"Collect 16 Steel Rods.","items":[{"item":{"id":"libvulpes:productrod","damage":6},"required":16,"precision":"ORE_DICTIONARY"}]}],"reward":[{"id":"libvulpes:productrod","damage":6,"amount":8},{"id":"hardcorequesting:bags","damage":2}],"rewardchoice":[{"id":"hardcorequesting:bags","damage":3},{"id":"xlfoodmod:speedy_energy_drink","amount":3},{"id":"xlfoodmod:healthy_energy_drink","amount":3},{"id":"xlfoodmod:strong_energy_drink","amount":3}],"commandrewards":[]},{"uuid":"619d6f54-bc96-4be9-b4bd-2ca255ef5436","name":"Precision Assembler!","description":"The Precision Assembler can make more advanced componnents and upgrades.","x":22,"y":187,"icon":{"id":"advancedrocketry:precisionassemblingmachine"},"prerequisites":["67efafb2-7a35-432b-a3b1-74b83ff99a76"],"tasks":[{"type":"DETECT","items":[{"item":{"id":"advancedrocketry:precisionassemblingmachine"}}]}],"reward":[{"id":"libvulpes:productingot","damage":3,"amount":8},{"id":"hardcorequesting:bags","damage":3}],"rewardchoice":[{"id":"hardcorequesting:bags","damage":4},{"id":"xlfoodmod:healthy_energy_drink","amount":6},{"id":"xlfoodmod:strong_energy_drink","amount":6},{"id":"xlfoodmod:super_energy_drink","amount":6}],"commandrewards":[]}],"reputationBar":[]}