{
  "enabled": true,
  "registry_name": "emerald",
  "rarity": 20,
  "shrub_color": 4901922,
  "berry_color": 4901922,
  "growth_chance": 30,
  "max_harvested_berries": 2,
  "light_level": 0,
  "max_growth_light": 10,
  "generation_settings": {
    "dimension": 0,
    "density": 1,
    "min_generation_height": 5,
    "max_generation_height": 30,
    "vein_size": 2,
    "vein_shape": "PILLAR_UP",
    "spawn_biomes": [
      "minecraft:extreme_hills",
      "minecraft:smaller_extreme_hills",
      "minecraft:extreme_hills_with_trees"
    ]
  },
  "oredict_result": {
    "oredict_name": "gemEmerald",
    "crafting_amount": 1,
    "register_ore_recipe": true,
    "recipe_pattern": [
      "*",
      "*"
    ]
  }
}