{
  "enabled": true,
  "registry_name": "tin",
  "rarity": 5,
  "shrub_color": 11642257,
  "berry_color": 11642257,
  "growth_chance": 15,
  "max_harvested_berries": 4,
  "light_level": 0,
  "max_growth_light": 10,
  "generation_settings": {
    "dimension": 0,
    "density": 1,
    "min_generation_height": 15,
    "max_generation_height": 40,
    "vein_size": 4,
    "vein_shape": "NORMAL",
    "spawn_biomes": []
  },
  "oredict_result": {
    "oredict_name": "ingotTin",
    "crafting_amount": 1,
    "register_ore_recipe": true,
    "recipe_pattern": [
      "***",
      "***",
      "***"
    ]
  }
}