{"name":"Deep Space!","description":"Deep Space.","quests":[{"uuid":"7ebb49bb-cd4e-43d0-b2e7-c5da7520a4b1","name":"Warp Core!","description":"Allows to travel to deep space.","x":68,"y":17,"icon":{"id":"advancedrocketry:warpcore"},"tasks":[{"type":"DETECT","items":[{"item":{"id":"advancedrocketry:warpcore"}}]}],"reward":[{"id":"hardcorequesting:bags","damage":3}],"rewardchoice":[{"id":"hardcorequesting:bags","damage":4}],"commandrewards":[]},{"uuid":"5d47ebd2-df42-43ba-8792-0ecf77e6d778","name":"Warp Controller!","description":"Allows to control a deep space destination.","x":68,"y":78,"icon":{"id":"advancedrocketry:warpmonitor"},"prerequisites":["7ebb49bb-cd4e-43d0-b2e7-c5da7520a4b1"],"tasks":[{"type":"DETECT","items":[{"item":{"id":"advancedrocketry:warpmonitor"}}]}],"reward":[{"id":"hardcorequesting:bags","damage":3}],"rewardchoice":[{"id":"hardcorequesting:bags","damage":4}],"commandrewards":[]}],"reputationBar":[]}