{"name":"Space Station!","description":"Space Station.","quests":[{"uuid":"b5821d1e-d424-4e53-b2b8-2b3e166f91fd","name":"Space Station Assembler!","description":"Space Station Assembler!","x":74,"y":51,"icon":{"id":"advancedrocketry:stationbuilder"},"prerequisites":["8beea6a7-d19c-4d38-aa96-f095469ea824"],"tasks":[{"type":"DETECT","items":[{"item":{"id":"advancedrocketry:stationbuilder"}}]}],"reward":[{"id":"hardcorequesting:bags","damage":2}],"rewardchoice":[{"id":"hardcorequesting:bags","damage":3}],"commandrewards":[]},{"uuid":"2749812b-e3ab-429c-a251-3dd820dc6dc9","name":"Docking Pad!","description":"Docking Pad!","x":235,"y":46,"icon":{"id":"advancedrocketry:landingpad"},"prerequisites":["ac43851f-ccac-4300-8e0d-3f2e107bb5ea"],"tasks":[{"type":"DETECT","items":[{"item":{"id":"advancedrocketry:landingpad"}}]}],"reward":[{"id":"hardcorequesting:bags","damage":2}],"rewardchoice":[{"id":"hardcorequesting:bags","damage":3}],"commandrewards":[]},{"uuid":"c3d0542a-2bce-4060-8453-cbf126aca6df","name":"Orientation Controller!","description":"Orientation Controller!","x":96,"y":160,"icon":{"id":"advancedrocketry:orientationcontroller"},"prerequisites":["eb0270cc-bdbd-4ade-91f5-ee513c5d9724"],"tasks":[{"type":"DETECT","items":[{"item":{"id":"advancedrocketry:orientationcontroller"}}]}],"reward":[{"id":"hardcorequesting:bags","damage":2,"amount":2}],"rewardchoice":[{"id":"hardcorequesting:bags","damage":3}],"commandrewards":[]},{"uuid":"0c472038-c51f-4de1-a7f3-ae579f780973","name":"Space Station Container!","description":"Space Station Container!","x":74,"y":84,"icon":{"id":"advancedrocketry:spacestation"},"prerequisites":["b5821d1e-d424-4e53-b2b8-2b3e166f91fd"],"tasks":[{"type":"DETECT","items":[{"item":{"id":"advancedrocketry:spacestation"},"precision":"NBT_FUZZY"}]}],"reward":[{"id":"hardcorequesting:bags","damage":2}],"rewardchoice":[{"id":"hardcorequesting:bags","damage":3}],"commandrewards":[]},{"uuid":"4a5ce4c5-dc02-4aaf-9f07-df81ee19d6f4","name":"Carbon Colletion Cartridge!","description":"Carbon Colletion Cartridge!","x":24,"y":189,"icon":{"id":"advancedrocketry:carbonscrubbercartridge"},"prerequisites":["a2a1d1ff-ca71-4ac4-a54c-cbebf8c72bd4"],"tasks":[{"type":"DETECT","items":[{"item":{"id":"advancedrocketry:carbonscrubbercartridge"},"required":16,"precision":"ORE_DICTIONARY"}]}],"reward":[{"id":"advancedrocketry:carbonscrubbercartridge","amount":8},{"id":"hardcorequesting:bags","damage":2}],"rewardchoice":[{"id":"hardcorequesting:bags","damage":3}],"commandrewards":[]},{"uuid":"ac43851f-ccac-4300-8e0d-3f2e107bb5ea","name":"Station Docking Port!","description":"Station Docking Port!","x":235,"y":16,"icon":{"id":"advancedrocketry:stationmarker"},"prerequisites":["eb0270cc-bdbd-4ade-91f5-ee513c5d9724"],"tasks":[{"type":"DETECT","items":[{"item":{"id":"advancedrocketry:stationmarker"}}]}],"reward":[{"id":"hardcorequesting:bags","damage":2}],"rewardchoice":[{"id":"hardcorequesting:bags","damage":3}],"commandrewards":[]},{"uuid":"c12ac98e-4b86-4f3a-8b02-07cc894a664e","name":"Altitude Controller!","description":"Altitude Controller!","x":122,"y":137,"icon":{"id":"advancedrocketry:altitudecontroller"},"prerequisites":["eb0270cc-bdbd-4ade-91f5-ee513c5d9724"],"tasks":[{"type":"DETECT","items":[{"item":{"id":"advancedrocketry:altitudecontroller"}}]}],"reward":[{"id":"hardcorequesting:bags","damage":2}],"rewardchoice":[{"id":"hardcorequesting:bags","damage":3}],"commandrewards":[]},{"uuid":"eb0270cc-bdbd-4ade-91f5-ee513c5d9724","name":"Oxygen Vent!","description":"Oxygen Vent!","x":74,"y":122,"icon":{"id":"advancedrocketry:oxygenvent"},"prerequisites":["0c472038-c51f-4de1-a7f3-ae579f780973"],"tasks":[{"type":"DETECT","items":[{"item":{"id":"advancedrocketry:oxygenvent"}}]}],"reward":[{"id":"hardcorequesting:bags","damage":2}],"rewardchoice":[{"id":"hardcorequesting:bags","damage":3}],"commandrewards":[]},{"uuid":"ad97957e-2405-4966-b5da-0e655dbe26be","name":"Orbital Drill!","description":"Orbital Drill!","x":235,"y":80,"icon":{"id":"advancedrocketry:spacelaser"},"prerequisites":["eb0270cc-bdbd-4ade-91f5-ee513c5d9724"],"tasks":[{"type":"DETECT","items":[{"item":{"id":"advancedrocketry:spacelaser"}}]}],"reward":[{"id":"hardcorequesting:bags","damage":2}],"rewardchoice":[{"id":"hardcorequesting:bags","damage":3}],"commandrewards":[]},{"uuid":"b2694af9-e4dd-495a-bed7-66ad423dc392","name":"Unmanned Vehicle Assambler!","description":"Unmanned Vehicle Assambler!","x":236,"y":114,"icon":{"id":"advancedrocketry:deployablerocketbuilder"},"prerequisites":["eb0270cc-bdbd-4ade-91f5-ee513c5d9724"],"tasks":[{"type":"DETECT","items":[{"item":{"id":"advancedrocketry:deployablerocketbuilder"}}]}],"commandrewards":[]},{"uuid":"a2a1d1ff-ca71-4ac4-a54c-cbebf8c72bd4","name":"CO2 Scrubber!","description":"CO2 Scrubber!","x":24,"y":137,"icon":{"id":"advancedrocketry:oxygenscrubber"},"prerequisites":["eb0270cc-bdbd-4ade-91f5-ee513c5d9724"],"tasks":[{"type":"DETECT","items":[{"item":{"id":"advancedrocketry:oxygenscrubber"}}]}],"reward":[{"id":"hardcorequesting:bags","damage":2}],"rewardchoice":[{"id":"hardcorequesting:bags","damage":3}],"commandrewards":[]},{"uuid":"8beea6a7-d19c-4d38-aa96-f095469ea824","name":"Space Station ID Chip!","description":"Space Station Chips are used to set a rocket\u0027s destination to a space station.","x":74,"y":11,"icon":{"id":"advancedrocketry:spacestationchip"},"tasks":[{"type":"DETECT","items":[{"item":{"id":"advancedrocketry:spacestationchip"},"required":16}]}],"reward":[{"id":"hardcorequesting:bags","damage":2},{"id":"advancedrocketry:spacestationchip","amount":8}],"rewardchoice":[{"id":"hardcorequesting:bags","damage":3}],"commandrewards":[]},{"uuid":"6c6bf0bd-66d3-42ef-ac29-2ba85f25c66b","name":"Gravity Controller!","description":"Gravity Controller!","x":50,"y":159,"icon":{"id":"advancedrocketry:gravitycontroller"},"prerequisites":["eb0270cc-bdbd-4ade-91f5-ee513c5d9724"],"tasks":[{"type":"DETECT","items":[{"item":{"id":"advancedrocketry:gravitycontroller"}}]}],"reward":[{"id":"hardcorequesting:bags","damage":2}],"rewardchoice":[{"id":"hardcorequesting:bags","damage":3}],"commandrewards":[]}],"reputationBar":[]}