{"name":"The Moon!","description":"The Moon.","quests":[{"uuid":"667e09f8-17c8-461c-bbe7-e9ebd11dd635","name":"Space Helmet!","description":"Part of the Space Suit.","x":26,"y":43,"icon":{"id":"advancedrocketry:spacehelmet"},"prerequisites":["90fa8dd9-e08d-4d05-aadb-0d2d79c74d68"],"tasks":[{"type":"DETECT","items":[{"item":{"id":"advancedrocketry:spacehelmet"}}]}],"reward":[{"id":"hardcorequesting:bags","damage":2}],"rewardchoice":[{"id":"hardcorequesting:bags","damage":3}],"commandrewards":[]},{"uuid":"ce20825f-56ce-4c54-aa0a-f5690d0fc480","name":"Space Chestplate!","description":"Part of the Space Suit.","x":57,"y":59,"icon":{"id":"advancedrocketry:spacechestplate"},"prerequisites":["90fa8dd9-e08d-4d05-aadb-0d2d79c74d68"],"tasks":[{"type":"DETECT","items":[{"item":{"id":"advancedrocketry:spacechestplate"}}]}],"reward":[{"id":"hardcorequesting:bags","damage":2}],"rewardchoice":[{"id":"hardcorequesting:bags","damage":3}],"commandrewards":[]},{"uuid":"681fd5f7-36fd-4f03-80fa-4cb30b56fca5","name":"Planet ID Chip!","description":"Planet ID Chips are put into a rocket\u0027s guidance computer to keep track of the rocket\u0027s destination planet.","x":232,"y":16,"icon":{"id":"advancedrocketry:planetidchip"},"tasks":[{"type":"DETECT","items":[{"item":{"id":"advancedrocketry:planetidchip"},"required":16,"precision":"ORE_DICTIONARY"}]}],"reward":[{"id":"hardcorequesting:bags","damage":2},{"id":"advancedrocketry:planetidchip","amount":8}],"rewardchoice":[{"id":"hardcorequesting:bags","damage":3}],"commandrewards":[]},{"uuid":"90fa8dd9-e08d-4d05-aadb-0d2d79c74d68","name":"Suit Workstation!","description":"The Suit Workstation is used to install, remove and modify components built into the modular spacesuit.","x":74,"y":18,"icon":{"id":"advancedrocketry:suitworkstation"},"tasks":[{"type":"DETECT","items":[{"item":{"id":"advancedrocketry:suitworkstation"}}]}],"reward":[{"id":"hardcorequesting:bags","damage":2}],"rewardchoice":[{"id":"hardcorequesting:bags","damage":3}],"commandrewards":[]},{"uuid":"d3d20e34-147f-44f2-89e0-1e0b9a4217d1","name":"Gas Charge Pad!","description":"The Gas Charge Pad provides an easy way for the player to fill their modular space suit with various gasses sus as Oxygen and Hydrogen.","x":75,"y":111,"icon":{"id":"advancedrocketry:oxygencharger"},"prerequisites":["f0f03b3f-37f1-463e-91a6-4db10b96bdf9","c0b59f34-d3c3-486e-9b76-6a44f10954e7","667e09f8-17c8-461c-bbe7-e9ebd11dd635","ce20825f-56ce-4c54-aa0a-f5690d0fc480"],"tasks":[{"type":"DETECT","items":[{"item":{"id":"advancedrocketry:oxygencharger"}}]}],"reward":[{"id":"hardcorequesting:bags","damage":2}],"rewardchoice":[{"id":"hardcorequesting:bags","damage":3}],"commandrewards":[]},{"uuid":"c0b59f34-d3c3-486e-9b76-6a44f10954e7","name":"Space Leggings!","description":"Part of the Space Suit.","x":95,"y":60,"icon":{"id":"advancedrocketry:spaceleggings"},"prerequisites":["90fa8dd9-e08d-4d05-aadb-0d2d79c74d68"],"tasks":[{"type":"DETECT","items":[{"item":{"id":"advancedrocketry:spaceleggings"}}]}],"reward":[{"id":"hardcorequesting:bags","damage":2}],"rewardchoice":[{"id":"hardcorequesting:bags","damage":3}],"commandrewards":[]},{"uuid":"3311a2b0-14c9-49f4-a024-9bc54864f0e4","name":"Get to the Moon!","description":"Get to The Moon usin a rocket.","x":232,"y":57,"icon":{"id":"advancedrocketry:moonturf"},"prerequisites":["681fd5f7-36fd-4f03-80fa-4cb30b56fca5"],"tasks":[{"type":"DETECT","items":[{"item":{"id":"advancedrocketry:moonturf"},"required":64}]}],"reward":[{"id":"extrautils2:ingredients","damage":5},{"id":"hardcorequesting:bags","damage":3}],"rewardchoice":[{"id":"hardcorequesting:bags","damage":4}],"commandrewards":[]},{"uuid":"f0f03b3f-37f1-463e-91a6-4db10b96bdf9","name":"Space Boots!","description":"Part of the Space Suit.","x":128,"y":42,"icon":{"id":"advancedrocketry:spaceboots"},"prerequisites":["90fa8dd9-e08d-4d05-aadb-0d2d79c74d68"],"tasks":[{"type":"DETECT","items":[{"item":{"id":"advancedrocketry:spaceboots"}}]}],"reward":[{"id":"hardcorequesting:bags","damage":2}],"rewardchoice":[{"id":"hardcorequesting:bags","damage":3}],"commandrewards":[]}],"reputationBar":[]}