<galaxy>
    <star name="Sol" temp="100" x="0" y="0" numPlanets="0" numGasGiants="0">
		<planet name="Mercury" DIMID="1001">
            <skyColor>0,0,0</skyColor>
			<atmosphereDensity>150</atmosphereDensity>
			<gravitationalMultiplier>38</gravitationalMultiplier>
			<orbitalDistance>40</orbitalDistance>
			<rotationalPeriod>1400000</rotationalPeriod>
			<oreGen>
				<ore block="basemetals:mercury_ore" minHeight="1" maxHeight="16" clumpSize="12" chancePerChunk="10" />
			</oreGen>
        </planet>
		<planet name="Venus" DIMID="1002">
            <skyColor>0,0,0</skyColor>
			<fogColor>0.9,0.9,0.9</fogColor>
			<atmosphereDensity>195</atmosphereDensity>
			<gravitationalMultiplier>90</gravitationalMultiplier>
			<orbitalDistance>72</orbitalDistance>
			<rotationalPeriod>2784000</rotationalPeriod>
        </planet>
		<planet name="Mars" DIMID="1003">
            <skyColor>1,0.2,0</skyColor>
			<fogColor>0.9,0.6,0.1</fogColor>
			<atmosphereDensity>20</atmosphereDensity>
			<orbitalDistance>105</orbitalDistance>
			<gravitationalMultiplier>38</gravitationalMultiplier>
			<rotationalPeriod>24000</rotationalPeriod>
			<oreGen>
				<ore block="modernmetals:zirconium_ore" minHeight="40" maxHeight="80" clumpSize="12" chancePerChunk="10" />
			</oreGen>
            <planet name="Phobos" DIMID="1004">
				<atmosphereDensity>0</atmosphereDensity>
				<gravitationalMultiplier>30</gravitationalMultiplier>
				<orbitalDistance>70</orbitalDistance>
				<orbitalPhi>0</orbitalPhi>
				<rotationalPeriod>10000</rotationalPeriod>
            </planet>
			<planet name="Deimos" DIMID="1005">
				<atmosphereDensity>0</atmosphereDensity>
				<gravitationalMultiplier>30</gravitationalMultiplier>
				<orbitalDistance>130</orbitalDistance>
				<orbitalPhi>180</orbitalPhi>
				<rotationalPeriod>14000</rotationalPeriod>
            </planet>
        </planet>
        <planet name="Ceres" DIMID="1006">
            <skyColor>0.2,0.2,0.2</skyColor>
			<atmosphereDensity>30</atmosphereDensity>
			<orbitalDistance>110</orbitalDistance>
			<gravitationalMultiplier>20</gravitationalMultiplier>
			<rotationalPeriod>8880</rotationalPeriod>
        </planet>
		<planet name="Jupiter" DIMID="1007">
            <GasGiant>true</GasGiant>
			<orbitalDistance>120</orbitalDistance>
			<rotationalPeriod>9900</rotationalPeriod>
			<planet name="Io" DIMID="1008">
				<atmosphereDensity>0</atmosphereDensity>
				<gravitationalMultiplier>30</gravitationalMultiplier>
				<orbitalDistance>70</orbitalDistance>
				<orbitalPhi>0</orbitalPhi>
				<rotationalPeriod>8000</rotationalPeriod>
            </planet>
			<planet name="Europa" DIMID="1009">
				<atmosphereDensity>0</atmosphereDensity>
				<gravitationalMultiplier>30</gravitationalMultiplier>
				<orbitalDistance>90</orbitalDistance>
				<orbitalPhi>90</orbitalPhi>
				<rotationalPeriod>10000</rotationalPeriod>
            </planet>
            <planet name="Ganymede" DIMID="1010">
				<atmosphereDensity>0</atmosphereDensity>
				<gravitationalMultiplier>30</gravitationalMultiplier>
				<orbitalDistance>110</orbitalDistance>
				<orbitalPhi>180</orbitalPhi>
				<rotationalPeriod>12000</rotationalPeriod>
            </planet>
			<planet name="Callisto" DIMID="1011">
				<atmosphereDensity>0</atmosphereDensity>
				<gravitationalMultiplier>30</gravitationalMultiplier>
				<orbitalDistance>130</orbitalDistance>
				<orbitalPhi>270</orbitalPhi>
				<rotationalPeriod>14000</rotationalPeriod>
            </planet>
        </planet>
		<planet name="Saturn" DIMID="1012">
            <GasGiant>true</GasGiant>
			<orbitalDistance>130</orbitalDistance>
			<rotationalPeriod>10600</rotationalPeriod>
			<planet name="Rhea" DIMID="1013">
				<atmosphereDensity>0</atmosphereDensity>
				<gravitationalMultiplier>30</gravitationalMultiplier>
				<orbitalDistance>70</orbitalDistance>
				<orbitalPhi>0</orbitalPhi>
				<rotationalPeriod>9000</rotationalPeriod>
            </planet>
			<planet name="Titan" DIMID="1014">
				<atmosphereDensity>0</atmosphereDensity>
				<gravitationalMultiplier>30</gravitationalMultiplier>
				<orbitalDistance>100</orbitalDistance>
				<orbitalPhi>120</orbitalPhi>
				<rotationalPeriod>12000</rotationalPeriod>
				<oreGen>
					<ore block="libvulpes:ore0" meta="8" minHeight="1" maxHeight="16" clumpSize="8" chancePerChunk="2" />
				</oreGen>
            </planet>
			<planet name="Iapetus" DIMID="1015">
				<atmosphereDensity>0</atmosphereDensity>
				<gravitationalMultiplier>30</gravitationalMultiplier>
				<orbitalDistance>130</orbitalDistance>
				<orbitalPhi>240</orbitalPhi>
				<rotationalPeriod>15000</rotationalPeriod>
            </planet>
        </planet>
		<planet name="Uranus" DIMID="1016">
            <skyColor>0,0.9,1</skyColor>
			<fogColor>0.9,0.9,0.9</fogColor>
			<atmosphereDensity>10</atmosphereDensity>
			<orbitalDistance>150</orbitalDistance>
			<gravitationalMultiplier>89</gravitationalMultiplier>
			<rotationalPeriod>17250</rotationalPeriod>
			<planet name="Titania" DIMID="1017">
				<atmosphereDensity>0</atmosphereDensity>
				<gravitationalMultiplier>30</gravitationalMultiplier>
				<orbitalDistance>80</orbitalDistance>
				<orbitalPhi>0</orbitalPhi>
				<rotationalPeriod>9000</rotationalPeriod>
				<oreGen>
					<ore block="libvulpes:ore0" meta="8" minHeight="1" maxHeight="16" clumpSize="8" chancePerChunk="2" />
				</oreGen>
            </planet>
			<planet name="Oberon" DIMID="1018">
				<atmosphereDensity>0</atmosphereDensity>
				<gravitationalMultiplier>30</gravitationalMultiplier>
				<orbitalDistance>120</orbitalDistance>
				<orbitalPhi>180</orbitalPhi>
				<rotationalPeriod>13000</rotationalPeriod>
            </planet>
        </planet>
		<planet name="Neptune" DIMID="1019">
            <skyColor>0,0.5,1</skyColor>
			<atmosphereDensity>0</atmosphereDensity>
			<orbitalDistance>180</orbitalDistance>
			<gravitationalMultiplier>110</gravitationalMultiplier>
			<rotationalPeriod>16100</rotationalPeriod>
			<oreGen>
				<ore block="modernmetals:cadmium_ore" minHeight="17" maxHeight="32" clumpSize="12" chancePerChunk="10" />
			</oreGen>
			<planet name="Triton" DIMID="1020">
				<atmosphereDensity>0</atmosphereDensity>
				<gravitationalMultiplier>30</gravitationalMultiplier>
				<orbitalDistance>140</orbitalDistance>
				<orbitalPhi>0</orbitalPhi>
				<rotationalPeriod>17000</rotationalPeriod>
            </planet>
        </planet>
        <planet name="Pluto" DIMID="1021">
			<atmosphereDensity>0</atmosphereDensity>
			<orbitalDistance>190</orbitalDistance>
			<gravitationalMultiplier>20</gravitationalMultiplier>
			<rotationalPeriod>153000</rotationalPeriod>
			<planet name="Charon" DIMID="1022">
            </planet>
        </planet>
		<planet name="Eris" DIMID="1023">
			<atmosphereDensity>0</atmosphereDensity>
			<orbitalDistance>200</orbitalDistance>
			<gravitationalMultiplier>20</gravitationalMultiplier>
			<rotationalPeriod>25900</rotationalPeriod>
			<oreGen>
				<ore block="modernmetals:tantalum_ore" minHeight="30" maxHeight="60" clumpSize="12" chancePerChunk="10" />
			</oreGen>
		</planet>
    </star>
	<star name="Alpha Centauri" temp="100" x="100" y="-25" numPlanets="0" numGasGiants="0">
		<planet name="Melmac" DIMID="1100">
            <skyColor>0,1,0</skyColor>
			<fogColor>0,0,1</fogColor>
			<atmosphereDensity>0</atmosphereDensity>
			<gravitationalMultiplier>100</gravitationalMultiplier>
			<orbitalDistance>90</orbitalDistance>
			<orbitalPhi>0</orbitalPhi>
			<rotationalPeriod>12000</rotationalPeriod>
			<oreGen>
				<ore block="basemetals:mercury_ore" minHeight="1" maxHeight="16" clumpSize="12" chancePerChunk="10" />
				<ore block="modernmetals:zirconium_ore" minHeight="40" maxHeight="80" clumpSize="10" chancePerChunk="7" />
				<ore block="modernmetals:cadmium_ore" minHeight="17" maxHeight="32" clumpSize="8" chancePerChunk="4" />
				<ore block="modernmetals:tantalum_ore" minHeight="30" maxHeight="60" clumpSize="6" chancePerChunk="1" />
			</oreGen>
        </planet>
		<planet name="Rigel VII" DIMID="1101">
			<skyColor>1,0,1</skyColor>
			<fogColor>1,0,0.5</fogColor>
			<atmosphereDensity>0</atmosphereDensity>
			<gravitationalMultiplier>50</gravitationalMultiplier>
			<orbitalDistance>60</orbitalDistance>
			<orbitalPhi>36</orbitalPhi>
			<rotationalPeriod>12000</rotationalPeriod>
			<oreGen>
				<ore block="basemetals:mercury_ore" minHeight="1" maxHeight="16" clumpSize="12" chancePerChunk="10" />
				<ore block="modernmetals:tantalum_ore" minHeight="30" maxHeight="60" clumpSize="10" chancePerChunk="7" />
				<ore block="modernmetals:zirconium_ore" minHeight="40" maxHeight="80" clumpSize="8" chancePerChunk="4" />
				<ore block="modernmetals:cadmium_ore" minHeight="17" maxHeight="32" clumpSize="6" chancePerChunk="1" />
			</oreGen>		
        </planet>
		<planet name="Caprica" DIMID="1102">
			<skyColor>0,0,1</skyColor>
			<fogColor>0,0,1</fogColor>
			<atmosphereDensity>100</atmosphereDensity>
			<gravitationalMultiplier>100</gravitationalMultiplier>
			<orbitalDistance>100</orbitalDistance>
			<orbitalPhi>72</orbitalPhi>
			<rotationalPeriod>12000</rotationalPeriod>
			<oreGen>
				<ore block="basemetals:mercury_ore" minHeight="1" maxHeight="16" clumpSize="12" chancePerChunk="10" />
				<ore block="modernmetals:cadmium_ore" minHeight="17" maxHeight="32" clumpSize="10" chancePerChunk="7" />
				<ore block="modernmetals:tantalum_ore" minHeight="30" maxHeight="60" clumpSize="8" chancePerChunk="4" />
				<ore block="modernmetals:zirconium_ore" minHeight="40" maxHeight="80" clumpSize="6" chancePerChunk="1" />
			</oreGen>		
        </planet>
		<planet name="Vogsphere" DIMID="1103">
			<skyColor>0,0,0</skyColor>
			<fogColor>0,0,0</fogColor>
			<atmosphereDensity>100</atmosphereDensity>
			<gravitationalMultiplier>100</gravitationalMultiplier>
			<orbitalDistance>180</orbitalDistance>
			<orbitalPhi>108</orbitalPhi>
			<rotationalPeriod>12000</rotationalPeriod>
			<oreGen>
				<ore block="modernmetals:zirconium_ore" minHeight="40" maxHeight="80" clumpSize="12" chancePerChunk="10" />
				<ore block="modernmetals:cadmium_ore" minHeight="17" maxHeight="32" clumpSize="10" chancePerChunk="7" />
				<ore block="modernmetals:tantalum_ore" minHeight="30" maxHeight="60" clumpSize="8" chancePerChunk="4" />
				<ore block="basemetals:mercury_ore" minHeight="1" maxHeight="16" clumpSize="6" chancePerChunk="1" />
			</oreGen>		
        </planet>
		<planet name="Miranda" DIMID="1104">
			<skyColor>0,0,1</skyColor>
			<fogColor>0,0,1</fogColor>
			<atmosphereDensity>100</atmosphereDensity>
			<gravitationalMultiplier>100</gravitationalMultiplier>
			<orbitalDistance>200</orbitalDistance>
			<orbitalPhi>144</orbitalPhi>
			<rotationalPeriod>12000</rotationalPeriod>
			<oreGen>
				<ore block="modernmetals:zirconium_ore" minHeight="40" maxHeight="80" clumpSize="12" chancePerChunk="10" />
				<ore block="basemetals:mercury_ore" minHeight="1" maxHeight="16" clumpSize="10" chancePerChunk="7" />
				<ore block="modernmetals:cadmium_ore" minHeight="17" maxHeight="32" clumpSize="8" chancePerChunk="4" />
				<ore block="modernmetals:tantalum_ore" minHeight="30" maxHeight="60" clumpSize="6" chancePerChunk="1" />
			</oreGen>		
        </planet>
		<planet name="Gallifrey" DIMID="1105">
			<skyColor>0.8,0.3,0</skyColor>
			<fogColor>0.8,0.3,0</fogColor>
			<atmosphereDensity>180</atmosphereDensity>
			<gravitationalMultiplier>110</gravitationalMultiplier>
			<orbitalDistance>50</orbitalDistance>
			<orbitalPhi>180</orbitalPhi>
			<rotationalPeriod>12000</rotationalPeriod>
			<oreGen>
				<ore block="modernmetals:zirconium_ore" minHeight="40" maxHeight="80" clumpSize="12" chancePerChunk="10" />
				<ore block="modernmetals:tantalum_ore" minHeight="30" maxHeight="60" clumpSize="10" chancePerChunk="7" />
				<ore block="basemetals:mercury_ore" minHeight="1" maxHeight="16" clumpSize="8" chancePerChunk="4" />
				<ore block="modernmetals:cadmium_ore" minHeight="17" maxHeight="32" clumpSize="6" chancePerChunk="1" />
			</oreGen>		
        </planet>
		<planet name="Krypton" DIMID="1106">
			<skyColor>0.8,0,0</skyColor>
			<fogColor>0.8,0,0</fogColor>
			<atmosphereDensity>180</atmosphereDensity>
			<gravitationalMultiplier>90</gravitationalMultiplier>
			<orbitalDistance>190</orbitalDistance>
			<orbitalPhi>216</orbitalPhi>
			<rotationalPeriod>12000</rotationalPeriod>
			<oreGen>
				<ore block="modernmetals:cadmium_ore" minHeight="17" maxHeight="32" clumpSize="12" chancePerChunk="10" />
				<ore block="modernmetals:tantalum_ore" minHeight="30" maxHeight="60" clumpSize="10" chancePerChunk="7" />
				<ore block="basemetals:mercury_ore" minHeight="1" maxHeight="16" clumpSize="8" chancePerChunk="4" />
				<ore block="modernmetals:zirconium_ore" minHeight="40" maxHeight="80" clumpSize="6" chancePerChunk="1" />
			</oreGen>		
        </planet>
		<planet name="Tatooine" DIMID="1107">
			<skyColor>0,0,1</skyColor>
			<fogColor>0.3,0.3,1</fogColor>
			<atmosphereDensity>200</atmosphereDensity>
			<gravitationalMultiplier>90</gravitationalMultiplier>
			<orbitalDistance>40</orbitalDistance>
			<orbitalPhi>252</orbitalPhi>
			<rotationalPeriod>12000</rotationalPeriod>
			<oreGen>
				<ore block="modernmetals:cadmium_ore" minHeight="17" maxHeight="32" clumpSize="12" chancePerChunk="10" />
				<ore block="modernmetals:zirconium_ore" minHeight="40" maxHeight="80" clumpSize="10" chancePerChunk="7" />
				<ore block="modernmetals:tantalum_ore" minHeight="30" maxHeight="60" clumpSize="8" chancePerChunk="4" />
				<ore block="basemetals:mercury_ore" minHeight="1" maxHeight="16" clumpSize="6" chancePerChunk="1" />
			</oreGen>		
        </planet>
		<planet name="Cybertron" DIMID="1108">
			<skyColor>0,0,0</skyColor>
			<fogColor>0,0,0</fogColor>
			<atmosphereDensity>0</atmosphereDensity>
			<gravitationalMultiplier>50</gravitationalMultiplier>
			<orbitalDistance>190</orbitalDistance>
			<orbitalPhi>288</orbitalPhi>
			<rotationalPeriod>12000</rotationalPeriod>
			<oreGen>
				<ore block="modernmetals:cadmium_ore" minHeight="17" maxHeight="32" clumpSize="12" chancePerChunk="10" />
				<ore block="basemetals:mercury_ore" minHeight="1" maxHeight="16" clumpSize="10" chancePerChunk="7" />
				<ore block="modernmetals:zirconium_ore" minHeight="40" maxHeight="80" clumpSize="8" chancePerChunk="4" />
				<ore block="modernmetals:tantalum_ore" minHeight="30" maxHeight="60" clumpSize="6" chancePerChunk="1" />
			</oreGen>		
        </planet>
		<planet name="LV-426" DIMID="1109">
			<skyColor>0,0,0</skyColor>
			<fogColor>0,0,0.5</fogColor>
			<atmosphereDensity>0</atmosphereDensity>
			<gravitationalMultiplier>86</gravitationalMultiplier>
			<orbitalDistance>170</orbitalDistance>
			<orbitalPhi>324</orbitalPhi>
			<rotationalPeriod>1000</rotationalPeriod>
			<oreGen>
				<ore block="modernmetals:tantalum_ore" minHeight="30" maxHeight="60" clumpSize="12" chancePerChunk="10" />
				<ore block="basemetals:mercury_ore" minHeight="1" maxHeight="16" clumpSize="10" chancePerChunk="7" />
				<ore block="modernmetals:zirconium_ore" minHeight="40" maxHeight="80" clumpSize="8" chancePerChunk="4" />
				<ore block="modernmetals:cadmium_ore" minHeight="17" maxHeight="32" clumpSize="6" chancePerChunk="1" />
			</oreGen>		
        </planet>
		<planet name="Antar" DIMID="1110">
			<skyColor>0,0,1</skyColor>
			<fogColor>0.2,0,1</fogColor>
			<atmosphereDensity>180</atmosphereDensity>
			<gravitationalMultiplier>100</gravitationalMultiplier>
			<orbitalDistance>75</orbitalDistance>
			<orbitalPhi>0</orbitalPhi>
			<rotationalPeriod>12000</rotationalPeriod>
			<oreGen>
				<ore block="modernmetals:tantalum_ore" minHeight="30" maxHeight="60" clumpSize="12" chancePerChunk="10" />
				<ore block="modernmetals:cadmium_ore" minHeight="17" maxHeight="32" clumpSize="10" chancePerChunk="7" />
				<ore block="basemetals:mercury_ore" minHeight="1" maxHeight="16" clumpSize="8" chancePerChunk="4" />
				<ore block="modernmetals:zirconium_ore" minHeight="40" maxHeight="80" clumpSize="6" chancePerChunk="1" />
			</oreGen>		
        </planet>
	</star>
</galaxy>
