<!-->
	<Recipe timeRequired="NUMBER" power="NUMBER">
		<input>
			<fluidStack>FLUID NAME SIZE</fluidStack>
			<itemStack>ITEM_NAME SIZE META</itemStack>
			<oreDict>OREDICT_NAME SIZE</oreDict>
        </input>
		<output>
			<fluidStack>FLUID_NAME SIZE</fluidStack>
			<itemStack>ITEM_NAME SIZE META</itemStack>
			<oreDict>OREDICT_NAME SIZE</oreDict>
		</output>
	</Recipe>
	
	Can have Multiple In/Outputs
	Some Machines can only Accept either Fluids or Items
	
	timeRequired="NUMBER"	how long a Recipe takes, Unit is in Ticks.
	power="NUMBER" how much Power the Recipes takes per Tick. Unit is in RF.
	
	The "useDefault" attribute will prevent loading of recipes if set to "false"
<!-->
<Recipes useDefault="true">
	<Recipe timeRequired="40" power ="20">
		<input>
			<itemStack>advancedrocketry:carbonScrubberCartridge 1 172800</itemStack>
		</input>
		<output>
			<itemStack>advancedrocketry:carbonScrubberCartridge</itemStack>
			<itemStack>minecraft:coal 1 1</itemStack>
		</output>
	</Recipe>
	<Recipe timeRequired="100" power ="1">
		<input>
			<itemStack>minecraft:bone</itemStack>
			<fluidStack>nitrogen 10</fluidStack>
		</input>
		<output>
			<itemStack>minecraft:dye 5 15</itemStack>
		</output>
	</Recipe>
	<Recipe timeRequired="100" power ="10">
		<input>
			<fluidStack>oxygen 10</fluidStack>
			<fluidStack>hydrogen 10</fluidStack>
		</input>
		<output>
			<fluidStack>rocketfuel 20</fluidStack>
		</output>
	</Recipe>
	<Recipe timeRequired="100" power ="10">
		<input>
			<itemStack>cyberware:shades2</itemStack>
			<oreDict>gemDiamond</oreDict>
		</input>
		<output>
			<itemStack>cyberware:shades2</itemStack>
		</output>
	</Recipe>
	<Recipe timeRequired="100" power ="10">
		<input>
			<itemStack>opencomputers:hoverBoots</itemStack>
			<oreDict>gemDiamond</oreDict>
		</input>
		<output>
			<itemStack>opencomputers:hoverBoots</itemStack>
		</output>
	</Recipe>
	<Recipe timeRequired="100" power ="10">
		<input>
			<itemStack>galacticraftplanets:titanium_helmet</itemStack>
			<oreDict>gemDiamond</oreDict>
		</input>
		<output>
			<itemStack>galacticraftplanets:titanium_helmet</itemStack>
		</output>
	</Recipe>
	<Recipe timeRequired="100" power ="10">
		<input>
			<itemStack>psionup:ebonyChestplate</itemStack>
			<oreDict>gemDiamond</oreDict>
			<itemStack>advancedrocketry:pressureTank 1 3</itemStack>
		</input>
		<output>
			<itemStack>psionup:ebonyChestplate</itemStack>
		</output>
	</Recipe>
	<Recipe timeRequired="100" power ="10">
		<input>
			<itemStack>biomesoplenty:mud_helmet</itemStack>
			<oreDict>gemDiamond</oreDict>
		</input>
		<output>
			<itemStack>biomesoplenty:mud_helmet</itemStack>
		</output>
	</Recipe>
	<Recipe timeRequired="100" power ="10">
		<input>
			<itemStack>extraplanets:tier3_space_suit_chest</itemStack>
			<oreDict>gemDiamond</oreDict>
			<itemStack>advancedrocketry:pressureTank 1 3</itemStack>
		</input>
		<output>
			<itemStack>extraplanets:tier3_space_suit_chest</itemStack>
		</output>
	</Recipe>
	<Recipe timeRequired="100" power ="10">
		<input>
			<itemStack>extraplanets:mercury_legings</itemStack>
			<oreDict>gemDiamond</oreDict>
		</input>
		<output>
			<itemStack>extraplanets:mercury_legings</itemStack>
		</output>
	</Recipe>
	<Recipe timeRequired="100" power ="10">
		<input>
			<itemStack>psionup:ebonyBoots</itemStack>
			<oreDict>gemDiamond</oreDict>
		</input>
		<output>
			<itemStack>psionup:ebonyBoots</itemStack>
		</output>
	</Recipe>
	<Recipe timeRequired="100" power ="10">
		<input>
			<itemStack>wired:camopants</itemStack>
			<oreDict>gemDiamond</oreDict>
		</input>
		<output>
			<itemStack>wired:camopants</itemStack>
		</output>
	</Recipe>
	<Recipe timeRequired="100" power ="10">
		<input>
			<itemStack>extraplanets:blue_gem_boots</itemStack>
			<oreDict>gemDiamond</oreDict>
		</input>
		<output>
			<itemStack>extraplanets:blue_gem_boots</itemStack>
		</output>
	</Recipe>
	<Recipe timeRequired="100" power ="10">
		<input>
			<itemStack>psionup:ebonyLeggings</itemStack>
			<oreDict>gemDiamond</oreDict>
		</input>
		<output>
			<itemStack>psionup:ebonyLeggings</itemStack>
		</output>
	</Recipe>
	<Recipe timeRequired="100" power ="10">
		<input>
			<itemStack>psionup:ivoryHelmet</itemStack>
			<oreDict>gemDiamond</oreDict>
		</input>
		<output>
			<itemStack>psionup:ivoryHelmet</itemStack>
		</output>
	</Recipe>
	<Recipe timeRequired="100" power ="10">
		<input>
			<itemStack>extraplanets:white_gem_boots</itemStack>
			<oreDict>gemDiamond</oreDict>
		</input>
		<output>
			<itemStack>extraplanets:white_gem_boots</itemStack>
		</output>
	</Recipe>
	<Recipe timeRequired="100" power ="10">
		<input>
			<itemStack>thermalfoundation:armor.boots_bronze</itemStack>
			<oreDict>gemDiamond</oreDict>
		</input>
		<output>
			<itemStack>thermalfoundation:armor.boots_bronze</itemStack>
		</output>
	</Recipe>
	<Recipe timeRequired="100" power ="10">
		<input>
			<itemStack>biomesoplenty:exotic_flower_band</itemStack>
			<oreDict>gemDiamond</oreDict>
		</input>
		<output>
			<itemStack>biomesoplenty:exotic_flower_band</itemStack>
		</output>
	</Recipe>
	<Recipe timeRequired="100" power ="10">
		<input>
			<itemStack>extraplanets:blue_diamond_helmet</itemStack>
			<oreDict>gemDiamond</oreDict>
		</input>
		<output>
			<itemStack>extraplanets:blue_diamond_helmet</itemStack>
		</output>
	</Recipe>
	<Recipe timeRequired="100" power ="10">
		<input>
			<itemStack>extraplanets:green_diamond_legings</itemStack>
			<oreDict>gemDiamond</oreDict>
		</input>
		<output>
			<itemStack>extraplanets:green_diamond_legings</itemStack>
		</output>
	</Recipe>
	<Recipe timeRequired="100" power ="10">
		<input>
			<itemStack>psi:psimetalExosuitLeggings</itemStack>
			<oreDict>gemDiamond</oreDict>
		</input>
		<output>
			<itemStack>psi:psimetalExosuitLeggings</itemStack>
		</output>
	</Recipe>
	<Recipe timeRequired="100" power ="10">
		<input>
			<itemStack>tp:stone_helmet</itemStack>
			<oreDict>gemDiamond</oreDict>
		</input>
		<output>
			<itemStack>tp:stone_helmet</itemStack>
		</output>
	</Recipe>
	<Recipe timeRequired="100" power ="10">
		<input>
			<itemStack>extraplanets:carbon_helmet</itemStack>
			<oreDict>gemDiamond</oreDict>
		</input>
		<output>
			<itemStack>extraplanets:carbon_helmet</itemStack>
		</output>
	</Recipe>
	<Recipe timeRequired="100" power ="10">
		<input>
			<itemStack>thermalfoundation:armor.legs_silver</itemStack>
			<oreDict>gemDiamond</oreDict>
		</input>
		<output>
			<itemStack>thermalfoundation:armor.legs_silver</itemStack>
		</output>
	</Recipe>
	<Recipe timeRequired="100" power ="10">
		<input>
			<itemStack>tp:stone_chestplate</itemStack>
			<oreDict>gemDiamond</oreDict>
			<itemStack>advancedrocketry:pressureTank 1 3</itemStack>
		</input>
		<output>
			<itemStack>tp:stone_chestplate</itemStack>
		</output>
	</Recipe>
	<Recipe timeRequired="100" power ="10">
		<input>
			<itemStack>extraplanets:crystal_boots</itemStack>
			<oreDict>gemDiamond</oreDict>
		</input>
		<output>
			<itemStack>extraplanets:crystal_boots</itemStack>
		</output>
	</Recipe>
	<Recipe timeRequired="100" power ="10">
		<input>
			<itemStack>extraplanets:tier4_space_suit_chest</itemStack>
			<oreDict>gemDiamond</oreDict>
			<itemStack>advancedrocketry:pressureTank 1 3</itemStack>
		</input>
		<output>
			<itemStack>extraplanets:tier4_space_suit_chest</itemStack>
		</output>
	</Recipe>
	<Recipe timeRequired="100" power ="10">
		<input>
			<itemStack>tp:wooden_chestplate</itemStack>
			<oreDict>gemDiamond</oreDict>
			<itemStack>advancedrocketry:pressureTank 1 3</itemStack>
		</input>
		<output>
			<itemStack>tp:wooden_chestplate</itemStack>
		</output>
	</Recipe>
	<Recipe timeRequired="100" power ="10">
		<input>
			<itemStack>extraplanets:tier1_space_suit_boots</itemStack>
			<oreDict>gemDiamond</oreDict>
		</input>
		<output>
			<itemStack>extraplanets:tier1_space_suit_boots</itemStack>
		</output>
	</Recipe>
	<Recipe timeRequired="100" power ="10">
		<input>
			<itemStack>psionup:ivoryChestplate</itemStack>
			<oreDict>gemDiamond</oreDict>
			<itemStack>advancedrocketry:pressureTank 1 3</itemStack>
		</input>
		<output>
			<itemStack>psionup:ivoryChestplate</itemStack>
		</output>
	</Recipe>
	<Recipe timeRequired="100" power ="10">
		<input>
			<itemStack>tp:bone_chestplate</itemStack>
			<oreDict>gemDiamond</oreDict>
			<itemStack>advancedrocketry:pressureTank 1 3</itemStack>
		</input>
		<output>
			<itemStack>tp:bone_chestplate</itemStack>
		</output>
	</Recipe>
	<Recipe timeRequired="100" power ="10">
		<input>
			<itemStack>enderio:darkSteel_chestplate</itemStack>
			<oreDict>gemDiamond</oreDict>
			<itemStack>advancedrocketry:pressureTank 1 3</itemStack>
		</input>
		<output>
			<itemStack>enderio:darkSteel_chestplate</itemStack>
		</output>
	</Recipe>
	<Recipe timeRequired="100" power ="10">
		<input>
			<itemStack>extraplanets:tier3_space_suit_helmet</itemStack>
			<oreDict>gemDiamond</oreDict>
		</input>
		<output>
			<itemStack>extraplanets:tier3_space_suit_helmet</itemStack>
		</output>
	</Recipe>
	<Recipe timeRequired="100" power ="10">
		<input>
			<itemStack>extraplanets:carbon_chest</itemStack>
			<oreDict>gemDiamond</oreDict>
			<itemStack>advancedrocketry:pressureTank 1 3</itemStack>
		</input>
		<output>
			<itemStack>extraplanets:carbon_chest</itemStack>
		</output>
	</Recipe>
	<Recipe timeRequired="100" power ="10">
		<input>
			<itemStack>extraplanets:zinc_boots</itemStack>
			<oreDict>gemDiamond</oreDict>
		</input>
		<output>
			<itemStack>extraplanets:zinc_boots</itemStack>
		</output>
	</Recipe>
	<Recipe timeRequired="100" power ="10">
		<input>
			<itemStack>thermalfoundation:armor.plate_nickel</itemStack>
			<oreDict>gemDiamond</oreDict>
			<itemStack>advancedrocketry:pressureTank 1 3</itemStack>
		</input>
		<output>
			<itemStack>thermalfoundation:armor.plate_nickel</itemStack>
		</output>
	</Recipe>
	<Recipe timeRequired="100" power ="10">
		<input>
			<itemStack>tp:bone_helmet</itemStack>
			<oreDict>gemDiamond</oreDict>
		</input>
		<output>
			<itemStack>tp:bone_helmet</itemStack>
		</output>
	</Recipe>
	<Recipe timeRequired="100" power ="10">
		<input>
			<itemStack>galacticraftplanets:desh_boots</itemStack>
			<oreDict>gemDiamond</oreDict>
		</input>
		<output>
			<itemStack>galacticraftplanets:desh_boots</itemStack>
		</output>
	</Recipe>
	<Recipe timeRequired="100" power ="10">
		<input>
			<itemStack>extraplanets:magnesium_chest</itemStack>
			<oreDict>gemDiamond</oreDict>
			<itemStack>advancedrocketry:pressureTank 1 3</itemStack>
		</input>
		<output>
			<itemStack>extraplanets:magnesium_chest</itemStack>
		</output>
	</Recipe>
	<Recipe timeRequired="100" power ="10">
		<input>
			<itemStack>extraplanets:yellow_diamond_legings</itemStack>
			<oreDict>gemDiamond</oreDict>
		</input>
		<output>
			<itemStack>extraplanets:yellow_diamond_legings</itemStack>
		</output>
	</Recipe>
	<Recipe timeRequired="100" power ="10">
		<input>
			<itemStack>minecraft:iron_leggings</itemStack>
			<oreDict>gemDiamond</oreDict>
		</input>
		<output>
			<itemStack>minecraft:iron_leggings</itemStack>
		</output>
	</Recipe>
	<Recipe timeRequired="100" power ="10">
		<input>
			<itemStack>thermalfoundation:armor.legs_nickel</itemStack>
			<oreDict>gemDiamond</oreDict>
		</input>
		<output>
			<itemStack>thermalfoundation:armor.legs_nickel</itemStack>
		</output>
	</Recipe>
	<Recipe timeRequired="100" power ="10">
		<input>
			<itemStack>extraplanets:red_diamond_chest</itemStack>
			<oreDict>gemDiamond</oreDict>
			<itemStack>advancedrocketry:pressureTank 1 3</itemStack>
		</input>
		<output>
			<itemStack>extraplanets:red_diamond_chest</itemStack>
		</output>
	</Recipe>
	<Recipe timeRequired="100" power ="10">
		<input>
			<itemStack>tp:flint_chestplate</itemStack>
			<oreDict>gemDiamond</oreDict>
			<itemStack>advancedrocketry:pressureTank 1 3</itemStack>
		</input>
		<output>
			<itemStack>tp:flint_chestplate</itemStack>
		</output>
	</Recipe>
	<Recipe timeRequired="100" power ="10">
		<input>
			<itemStack>quark:witch_hat</itemStack>
			<oreDict>gemDiamond</oreDict>
		</input>
		<output>
			<itemStack>quark:witch_hat</itemStack>
		</output>
	</Recipe>
	<Recipe timeRequired="100" power ="10">
		<input>
			<itemStack>thermalfoundation:armor.helmet_invar</itemStack>
			<oreDict>gemDiamond</oreDict>
		</input>
		<output>
			<itemStack>thermalfoundation:armor.helmet_invar</itemStack>
		</output>
	</Recipe>
	<Recipe timeRequired="100" power ="10">
		<input>
			<itemStack>extraplanets:palladium_helmet</itemStack>
			<oreDict>gemDiamond</oreDict>
		</input>
		<output>
			<itemStack>extraplanets:palladium_helmet</itemStack>
		</output>
	</Recipe>
	<Recipe timeRequired="100" power ="10">
		<input>
			<itemStack>tp:stone_leggings</itemStack>
			<oreDict>gemDiamond</oreDict>
		</input>
		<output>
			<itemStack>tp:stone_leggings</itemStack>
		</output>
	</Recipe>
	<Recipe timeRequired="100" power ="10">
		<input>
			<itemStack>galacticraftplanets:desh_chestplate</itemStack>
			<oreDict>gemDiamond</oreDict>
			<itemStack>advancedrocketry:pressureTank 1 3</itemStack>
		</input>
		<output>
			<itemStack>galacticraftplanets:desh_chestplate</itemStack>
		</output>
	</Recipe>
	<Recipe timeRequired="100" power ="10">
		<input>
			<itemStack>psionup:ivoryBoots</itemStack>
			<oreDict>gemDiamond</oreDict>
		</input>
		<output>
			<itemStack>psionup:ivoryBoots</itemStack>
		</output>
	</Recipe>
	<Recipe timeRequired="100" power ="10">
		<input>
			<itemStack>extraplanets:palladium_chest</itemStack>
			<oreDict>gemDiamond</oreDict>
			<itemStack>advancedrocketry:pressureTank 1 3</itemStack>
		</input>
		<output>
			<itemStack>extraplanets:palladium_chest</itemStack>
		</output>
	</Recipe>
	<Recipe timeRequired="100" power ="10">
		<input>
			<itemStack>extraplanets:zinc_legings</itemStack>
			<oreDict>gemDiamond</oreDict>
		</input>
		<output>
			<itemStack>extraplanets:zinc_legings</itemStack>
		</output>
	</Recipe>
	<Recipe timeRequired="100" power ="10">
		<input>
			<itemStack>thermalfoundation:armor.helmet_lead</itemStack>
			<oreDict>gemDiamond</oreDict>
		</input>
		<output>
			<itemStack>thermalfoundation:armor.helmet_lead</itemStack>
		</output>
	</Recipe>
	<Recipe timeRequired="100" power ="10">
		<input>
			<itemStack>extraplanets:tier2_space_suit_boots</itemStack>
			<oreDict>gemDiamond</oreDict>
		</input>
		<output>
			<itemStack>extraplanets:tier2_space_suit_boots</itemStack>
		</output>
	</Recipe>
	<Recipe timeRequired="100" power ="10">
		<input>
			<itemStack>galacticraftplanets:titanium_leggings</itemStack>
			<oreDict>gemDiamond</oreDict>
		</input>
		<output>
			<itemStack>galacticraftplanets:titanium_leggings</itemStack>
		</output>
	</Recipe>
	<Recipe timeRequired="100" power ="10">
		<input>
			<itemStack>extraplanets:mercury_boots</itemStack>
			<oreDict>gemDiamond</oreDict>
		</input>
		<output>
			<itemStack>extraplanets:mercury_boots</itemStack>
		</output>
	</Recipe>
	<Recipe timeRequired="100" power ="10">
		<input>
			<itemStack>extraplanets:crystal_helmet</itemStack>
			<oreDict>gemDiamond</oreDict>
		</input>
		<output>
			<itemStack>extraplanets:crystal_helmet</itemStack>
		</output>
	</Recipe>
	<Recipe timeRequired="100" power ="10">
		<input>
			<itemStack>randomthings:magicHood</itemStack>
			<oreDict>gemDiamond</oreDict>
		</input>
		<output>
			<itemStack>randomthings:magicHood</itemStack>
		</output>
	</Recipe>
	<Recipe timeRequired="100" power ="10">
		<input>
			<itemStack>extraplanets:tier4_space_suit_gravity_boots</itemStack>
			<oreDict>gemDiamond</oreDict>
		</input>
		<output>
			<itemStack>extraplanets:tier4_space_suit_gravity_boots</itemStack>
		</output>
	</Recipe>
	<Recipe timeRequired="100" power ="10">
		<input>
			<itemStack>extraplanets:carbon_legings</itemStack>
			<oreDict>gemDiamond</oreDict>
		</input>
		<output>
			<itemStack>extraplanets:carbon_legings</itemStack>
		</output>
	</Recipe>
	<Recipe timeRequired="100" power ="10">
		<input>
			<itemStack>minecraft:leather_leggings</itemStack>
			<oreDict>gemDiamond</oreDict>
		</input>
		<output>
			<itemStack>minecraft:leather_leggings</itemStack>
		</output>
	</Recipe>
	<Recipe timeRequired="100" power ="10">
		<input>
			<itemStack>tconstruct:piggybackpack</itemStack>
			<oreDict>gemDiamond</oreDict>
			<itemStack>advancedrocketry:pressureTank 1 3</itemStack>
		</input>
		<output>
			<itemStack>tconstruct:piggybackpack</itemStack>
		</output>
	</Recipe>
	<Recipe timeRequired="100" power ="10">
		<input>
			<itemStack>randomthings:lavaWader</itemStack>
			<oreDict>gemDiamond</oreDict>
		</input>
		<output>
			<itemStack>randomthings:lavaWader</itemStack>
		</output>
	</Recipe>
	<Recipe timeRequired="100" power ="10">
		<input>
			<itemStack>extraplanets:blue_diamond_legings</itemStack>
			<oreDict>gemDiamond</oreDict>
		</input>
		<output>
			<itemStack>extraplanets:blue_diamond_legings</itemStack>
		</output>
	</Recipe>
	<Recipe timeRequired="100" power ="10">
		<input>
			<itemStack>thermalfoundation:armor.legs_lead</itemStack>
			<oreDict>gemDiamond</oreDict>
		</input>
		<output>
			<itemStack>thermalfoundation:armor.legs_lead</itemStack>
		</output>
	</Recipe>
	<Recipe timeRequired="100" power ="10">
		<input>
			<itemStack>psi:psimetalExosuitChestplate</itemStack>
			<oreDict>gemDiamond</oreDict>
			<itemStack>advancedrocketry:pressureTank 1 3</itemStack>
		</input>
		<output>
			<itemStack>psi:psimetalExosuitChestplate</itemStack>
		</output>
	</Recipe>
	<Recipe timeRequired="100" power ="10">
		<input>
			<itemStack>extraplanets:tungsten_boots</itemStack>
			<oreDict>gemDiamond</oreDict>
		</input>
		<output>
			<itemStack>extraplanets:tungsten_boots</itemStack>
		</output>
	</Recipe>
	<Recipe timeRequired="100" power ="10">
		<input>
			<itemStack>mekanism:FreeRunners</itemStack>
			<oreDict>gemDiamond</oreDict>
		</input>
		<output>
			<itemStack>mekanism:FreeRunners</itemStack>
		</output>
	</Recipe>
	<Recipe timeRequired="100" power ="10">
		<input>
			<itemStack>cyberware:shades</itemStack>
			<oreDict>gemDiamond</oreDict>
		</input>
		<output>
			<itemStack>cyberware:shades</itemStack>
		</output>
	</Recipe>
	<Recipe timeRequired="100" power ="10">
		<input>
			<itemStack>thermalfoundation:armor.legs_invar</itemStack>
			<oreDict>gemDiamond</oreDict>
		</input>
		<output>
			<itemStack>thermalfoundation:armor.legs_invar</itemStack>
		</output>
	</Recipe>
	<Recipe timeRequired="100" power ="10">
		<input>
			<itemStack>biomesoplenty:plain_flower_band</itemStack>
			<oreDict>gemDiamond</oreDict>
		</input>
		<output>
			<itemStack>biomesoplenty:plain_flower_band</itemStack>
		</output>
	</Recipe>
	<Recipe timeRequired="100" power ="10">
		<input>
			<itemStack>extraplanets:red_gem_helmet</itemStack>
			<oreDict>gemDiamond</oreDict>
		</input>
		<output>
			<itemStack>extraplanets:red_gem_helmet</itemStack>
		</output>
	</Recipe>
	<Recipe timeRequired="100" power ="10">
		<input>
			<itemStack>thermalfoundation:armor.helmet_tin</itemStack>
			<oreDict>gemDiamond</oreDict>
		</input>
		<output>
			<itemStack>thermalfoundation:armor.helmet_tin</itemStack>
		</output>
	</Recipe>
	<Recipe timeRequired="100" power ="10">
		<input>
			<itemStack>extraplanets:uranium_legings</itemStack>
			<oreDict>gemDiamond</oreDict>
		</input>
		<output>
			<itemStack>extraplanets:uranium_legings</itemStack>
		</output>
	</Recipe>
	<Recipe timeRequired="100" power ="10">
		<input>
			<itemStack>extraplanets:blue_diamond_boots</itemStack>
			<oreDict>gemDiamond</oreDict>
		</input>
		<output>
			<itemStack>extraplanets:blue_diamond_boots</itemStack>
		</output>
	</Recipe>
	<Recipe timeRequired="100" power ="10">
		<input>
			<itemStack>thermalfoundation:armor.plate_platinum</itemStack>
			<oreDict>gemDiamond</oreDict>
			<itemStack>advancedrocketry:pressureTank 1 3</itemStack>
		</input>
		<output>
			<itemStack>thermalfoundation:armor.plate_platinum</itemStack>
		</output>
	</Recipe>
	<Recipe timeRequired="100" power ="10">
		<input>
			<itemStack>thermalfoundation:armor.plate_lead</itemStack>
			<oreDict>gemDiamond</oreDict>
			<itemStack>advancedrocketry:pressureTank 1 3</itemStack>
		</input>
		<output>
			<itemStack>thermalfoundation:armor.plate_lead</itemStack>
		</output>
	</Recipe>
	<Recipe timeRequired="100" power ="10">
		<input>
			<itemStack>thermalfoundation:armor.boots_lead</itemStack>
			<oreDict>gemDiamond</oreDict>
		</input>
		<output>
			<itemStack>thermalfoundation:armor.boots_lead</itemStack>
		</output>
	</Recipe>
	<Recipe timeRequired="100" power ="10">
		<input>
			<itemStack>powersuits:powerArmorFeet</itemStack>
			<oreDict>gemDiamond</oreDict>
		</input>
		<output>
			<itemStack>powersuits:powerArmorFeet</itemStack>
		</output>
	</Recipe>
	<Recipe timeRequired="100" power ="10">
		<input>
			<itemStack>extraplanets:uranium_chest</itemStack>
			<oreDict>gemDiamond</oreDict>
			<itemStack>advancedrocketry:pressureTank 1 3</itemStack>
		</input>
		<output>
			<itemStack>extraplanets:uranium_chest</itemStack>
		</output>
	</Recipe>
	<Recipe timeRequired="100" power ="10">
		<input>
			<itemStack>biomesoplenty:mud_leggings</itemStack>
			<oreDict>gemDiamond</oreDict>
		</input>
		<output>
			<itemStack>biomesoplenty:mud_leggings</itemStack>
		</output>
	</Recipe>
	<Recipe timeRequired="100" power ="10">
		<input>
			<itemStack>extraplanets:yellow_diamond_helmet</itemStack>
			<oreDict>gemDiamond</oreDict>
		</input>
		<output>
			<itemStack>extraplanets:yellow_diamond_helmet</itemStack>
		</output>
	</Recipe>
	<Recipe timeRequired="100" power ="10">
		<input>
			<itemStack>thermalfoundation:armor.legs_copper</itemStack>
			<oreDict>gemDiamond</oreDict>
		</input>
		<output>
			<itemStack>thermalfoundation:armor.legs_copper</itemStack>
		</output>
	</Recipe>
	<Recipe timeRequired="100" power ="10">
		<input>
			<itemStack>extraplanets:tier3_space_suit_boots</itemStack>
			<oreDict>gemDiamond</oreDict>
		</input>
		<output>
			<itemStack>extraplanets:tier3_space_suit_boots</itemStack>
		</output>
	</Recipe>
	<Recipe timeRequired="100" power ="10">
		<input>
			<itemStack>minecraft:iron_helmet</itemStack>
			<oreDict>gemDiamond</oreDict>
		</input>
		<output>
			<itemStack>minecraft:iron_helmet</itemStack>
		</output>
	</Recipe>
	<Recipe timeRequired="100" power ="10">
		<input>
			<itemStack>thermalfoundation:armor.helmet_bronze</itemStack>
			<oreDict>gemDiamond</oreDict>
		</input>
		<output>
			<itemStack>thermalfoundation:armor.helmet_bronze</itemStack>
		</output>
	</Recipe>
	<Recipe timeRequired="100" power ="10">
		<input>
			<itemStack>biomesoplenty:flippers</itemStack>
			<oreDict>gemDiamond</oreDict>
		</input>
		<output>
			<itemStack>biomesoplenty:flippers</itemStack>
		</output>
	</Recipe>
	<Recipe timeRequired="100" power ="10">
		<input>
			<itemStack>minecraft:iron_chestplate</itemStack>
			<oreDict>gemDiamond</oreDict>
			<itemStack>advancedrocketry:pressureTank 1 3</itemStack>
		</input>
		<output>
			<itemStack>minecraft:iron_chestplate</itemStack>
		</output>
	</Recipe>
	<Recipe timeRequired="100" power ="10">
		<input>
			<itemStack>thermalfoundation:armor.legs_tin</itemStack>
			<oreDict>gemDiamond</oreDict>
		</input>
		<output>
			<itemStack>thermalfoundation:armor.legs_tin</itemStack>
		</output>
	</Recipe>
	<Recipe timeRequired="100" power ="10">
		<input>
			<itemStack>randomthings:obsidianWaterWalkingBoots</itemStack>
			<oreDict>gemDiamond</oreDict>
		</input>
		<output>
			<itemStack>randomthings:obsidianWaterWalkingBoots</itemStack>
		</output>
	</Recipe>
	<Recipe timeRequired="100" power ="10">
		<input>
			<itemStack>galacticraftcore:steel_leggings</itemStack>
			<oreDict>gemDiamond</oreDict>
		</input>
		<output>
			<itemStack>galacticraftcore:steel_leggings</itemStack>
		</output>
	</Recipe>
	<Recipe timeRequired="100" power ="10">
		<input>
			<itemStack>mekanism:ArmoredJetpack</itemStack>
			<oreDict>gemDiamond</oreDict>
			<itemStack>advancedrocketry:pressureTank 1 3</itemStack>
		</input>
		<output>
			<itemStack>mekanism:ArmoredJetpack</itemStack>
		</output>
	</Recipe>
	<Recipe timeRequired="100" power ="10">
		<input>
			<itemStack>extraplanets:purple_diamond_chest</itemStack>
			<oreDict>gemDiamond</oreDict>
			<itemStack>advancedrocketry:pressureTank 1 3</itemStack>
		</input>
		<output>
			<itemStack>extraplanets:purple_diamond_chest</itemStack>
		</output>
	</Recipe>
	<Recipe timeRequired="100" power ="10">
		<input>
			<itemStack>thermalfoundation:armor.plate_tin</itemStack>
			<oreDict>gemDiamond</oreDict>
			<itemStack>advancedrocketry:pressureTank 1 3</itemStack>
		</input>
		<output>
			<itemStack>thermalfoundation:armor.plate_tin</itemStack>
		</output>
	</Recipe>
	<Recipe timeRequired="100" power ="10">
		<input>
			<itemStack>extraplanets:tier2_space_suit_helmet</itemStack>
			<oreDict>gemDiamond</oreDict>
		</input>
		<output>
			<itemStack>extraplanets:tier2_space_suit_helmet</itemStack>
		</output>
	</Recipe>
	<Recipe timeRequired="100" power ="10">
		<input>
			<itemStack>thermalfoundation:armor.plate_bronze</itemStack>
			<oreDict>gemDiamond</oreDict>
			<itemStack>advancedrocketry:pressureTank 1 3</itemStack>
		</input>
		<output>
			<itemStack>thermalfoundation:armor.plate_bronze</itemStack>
		</output>
	</Recipe>
	<Recipe timeRequired="100" power ="10">
		<input>
			<itemStack>galacticraftcore:steel_chestplate</itemStack>
			<oreDict>gemDiamond</oreDict>
			<itemStack>advancedrocketry:pressureTank 1 3</itemStack>
		</input>
		<output>
			<itemStack>galacticraftcore:steel_chestplate</itemStack>
		</output>
	</Recipe>
	<Recipe timeRequired="100" power ="10">
		<input>
			<itemStack>tp:bone_leggings</itemStack>
			<oreDict>gemDiamond</oreDict>
		</input>
		<output>
			<itemStack>tp:bone_leggings</itemStack>
		</output>
	</Recipe>
	<Recipe timeRequired="100" power ="10">
		<input>
			<itemStack>psi:psimetalExosuitBoots</itemStack>
			<oreDict>gemDiamond</oreDict>
		</input>
		<output>
			<itemStack>psi:psimetalExosuitBoots</itemStack>
		</output>
	</Recipe>
	<Recipe timeRequired="100" power ="10">
		<input>
			<itemStack>thermalfoundation:armor.boots_electrum</itemStack>
			<oreDict>gemDiamond</oreDict>
		</input>
		<output>
			<itemStack>thermalfoundation:armor.boots_electrum</itemStack>
		</output>
	</Recipe>
	<Recipe timeRequired="100" power ="10">
		<input>
			<itemStack>mekanism:GasMask</itemStack>
			<oreDict>gemDiamond</oreDict>
		</input>
		<output>
			<itemStack>mekanism:GasMask</itemStack>
		</output>
	</Recipe>
	<Recipe timeRequired="100" power ="10">
		<input>
			<itemStack>cyberware:jacket</itemStack>
			<oreDict>gemDiamond</oreDict>
			<itemStack>advancedrocketry:pressureTank 1 3</itemStack>
		</input>
		<output>
			<itemStack>cyberware:jacket</itemStack>
		</output>
	</Recipe>
	<Recipe timeRequired="100" power ="10">
		<input>
			<itemStack>powersuits:powerArmorTorso</itemStack>
			<oreDict>gemDiamond</oreDict>
			<itemStack>advancedrocketry:pressureTank 1 3</itemStack>
		</input>
		<output>
			<itemStack>powersuits:powerArmorTorso</itemStack>
		</output>
	</Recipe>
	<Recipe timeRequired="100" power ="10">
		<input>
			<itemStack>extraplanets:tier4_space_suit_boots</itemStack>
			<oreDict>gemDiamond</oreDict>
		</input>
		<output>
			<itemStack>extraplanets:tier4_space_suit_boots</itemStack>
		</output>
	</Recipe>
	<Recipe timeRequired="100" power ="10">
		<input>
			<itemStack>thermalfoundation:armor.boots_invar</itemStack>
			<oreDict>gemDiamond</oreDict>
		</input>
		<output>
			<itemStack>thermalfoundation:armor.boots_invar</itemStack>
		</output>
	</Recipe>
	<Recipe timeRequired="100" power ="10">
		<input>
			<itemStack>galacticraftcore:steel_helmet</itemStack>
			<oreDict>gemDiamond</oreDict>
		</input>
		<output>
			<itemStack>galacticraftcore:steel_helmet</itemStack>
		</output>
	</Recipe>
	<Recipe timeRequired="100" power ="10">
		<input>
			<itemStack>biomesoplenty:dull_flower_band</itemStack>
			<oreDict>gemDiamond</oreDict>
		</input>
		<output>
			<itemStack>biomesoplenty:dull_flower_band</itemStack>
		</output>
	</Recipe>
	<Recipe timeRequired="100" power ="10">
		<input>
			<itemStack>thermalfoundation:armor.helmet_electrum</itemStack>
			<oreDict>gemDiamond</oreDict>
		</input>
		<output>
			<itemStack>thermalfoundation:armor.helmet_electrum</itemStack>
		</output>
	</Recipe>
	<Recipe timeRequired="100" power ="10">
		<input>
			<itemStack>extraplanets:carbon_boots</itemStack>
			<oreDict>gemDiamond</oreDict>
		</input>
		<output>
			<itemStack>extraplanets:carbon_boots</itemStack>
		</output>
	</Recipe>
	<Recipe timeRequired="100" power ="10">
		<input>
			<itemStack>wired:techvisor</itemStack>
			<oreDict>gemDiamond</oreDict>
		</input>
		<output>
			<itemStack>wired:techvisor</itemStack>
		</output>
	</Recipe>
	<Recipe timeRequired="100" power ="10">
		<input>
			<itemStack>extraplanets:magnesium_boots</itemStack>
			<oreDict>gemDiamond</oreDict>
		</input>
		<output>
			<itemStack>extraplanets:magnesium_boots</itemStack>
		</output>
	</Recipe>
	<Recipe timeRequired="100" power ="10">
		<input>
			<itemStack>extraplanets:green_diamond_chest</itemStack>
			<oreDict>gemDiamond</oreDict>
			<itemStack>advancedrocketry:pressureTank 1 3</itemStack>
		</input>
		<output>
			<itemStack>extraplanets:green_diamond_chest</itemStack>
		</output>
	</Recipe>
	<Recipe timeRequired="100" power ="10">
		<input>
			<itemStack>extraplanets:tier3_space_suit_gravity_boots</itemStack>
			<oreDict>gemDiamond</oreDict>
		</input>
		<output>
			<itemStack>extraplanets:tier3_space_suit_gravity_boots</itemStack>
		</output>
	</Recipe>
	<Recipe timeRequired="100" power ="10">
		<input>
			<itemStack>extraplanets:red_diamond_boots</itemStack>
			<oreDict>gemDiamond</oreDict>
		</input>
		<output>
			<itemStack>extraplanets:red_diamond_boots</itemStack>
		</output>
	</Recipe>
	<Recipe timeRequired="100" power ="10">
		<input>
			<itemStack>minecraft:diamond_boots</itemStack>
			<oreDict>gemDiamond</oreDict>
		</input>
		<output>
			<itemStack>minecraft:diamond_boots</itemStack>
		</output>
	</Recipe>
	<Recipe timeRequired="100" power ="10">
		<input>
			<itemStack>tp:flint_helmet</itemStack>
			<oreDict>gemDiamond</oreDict>
		</input>
		<output>
			<itemStack>tp:flint_helmet</itemStack>
		</output>
	</Recipe>
	<Recipe timeRequired="100" power ="10">
		<input>
			<itemStack>thermalfoundation:armor.boots_silver</itemStack>
			<oreDict>gemDiamond</oreDict>
		</input>
		<output>
			<itemStack>thermalfoundation:armor.boots_silver</itemStack>
		</output>
	</Recipe>
	<Recipe timeRequired="100" power ="10">
		<input>
			<itemStack>mekanism:Jetpack</itemStack>
			<oreDict>gemDiamond</oreDict>
			<itemStack>advancedrocketry:pressureTank 1 3</itemStack>
		</input>
		<output>
			<itemStack>mekanism:Jetpack</itemStack>
		</output>
	</Recipe>
	<Recipe timeRequired="100" power ="10">
		<input>
			<itemStack>randomthings:waterWalkingBoots</itemStack>
			<oreDict>gemDiamond</oreDict>
		</input>
		<output>
			<itemStack>randomthings:waterWalkingBoots</itemStack>
		</output>
	</Recipe>
	<Recipe timeRequired="100" power ="10">
		<input>
			<itemStack>minecraft:leather_chestplate</itemStack>
			<oreDict>gemDiamond</oreDict>
			<itemStack>advancedrocketry:pressureTank 1 3</itemStack>
		</input>
		<output>
			<itemStack>minecraft:leather_chestplate</itemStack>
		</output>
	</Recipe>
	<Recipe timeRequired="100" power ="10">
		<input>
			<itemStack>tp:wooden_leggings</itemStack>
			<oreDict>gemDiamond</oreDict>
		</input>
		<output>
			<itemStack>tp:wooden_leggings</itemStack>
		</output>
	</Recipe>
	<Recipe timeRequired="100" power ="10">
		<input>
			<itemStack>psionup:ebonyHelmet</itemStack>
			<oreDict>gemDiamond</oreDict>
		</input>
		<output>
			<itemStack>psionup:ebonyHelmet</itemStack>
		</output>
	</Recipe>
	<Recipe timeRequired="100" power ="10">
		<input>
			<itemStack>extraplanets:blue_gem_helmet</itemStack>
			<oreDict>gemDiamond</oreDict>
		</input>
		<output>
			<itemStack>extraplanets:blue_gem_helmet</itemStack>
		</output>
	</Recipe>
	<Recipe timeRequired="100" power ="10">
		<input>
			<itemStack>extraplanets:yellow_diamond_boots</itemStack>
			<oreDict>gemDiamond</oreDict>
		</input>
		<output>
			<itemStack>extraplanets:yellow_diamond_boots</itemStack>
		</output>
	</Recipe>
	<Recipe timeRequired="100" power ="10">
		<input>
			<itemStack>thermalfoundation:armor.legs_platinum</itemStack>
			<oreDict>gemDiamond</oreDict>
		</input>
		<output>
			<itemStack>thermalfoundation:armor.legs_platinum</itemStack>
		</output>
	</Recipe>
	<Recipe timeRequired="100" power ="10">
		<input>
			<itemStack>minecraft:golden_helmet</itemStack>
			<oreDict>gemDiamond</oreDict>
		</input>
		<output>
			<itemStack>minecraft:golden_helmet</itemStack>
		</output>
	</Recipe>
	<Recipe timeRequired="100" power ="10">
		<input>
			<itemStack>tp:flint_leggings</itemStack>
			<oreDict>gemDiamond</oreDict>
		</input>
		<output>
			<itemStack>tp:flint_leggings</itemStack>
		</output>
	</Recipe>
	<Recipe timeRequired="100" power ="10">
		<input>
			<itemStack>galacticraftcore:sensor_glasses</itemStack>
			<oreDict>gemDiamond</oreDict>
		</input>
		<output>
			<itemStack>galacticraftcore:sensor_glasses</itemStack>
		</output>
	</Recipe>
	<Recipe timeRequired="100" power ="10">
		<input>
			<itemStack>minecraft:chainmail_chestplate</itemStack>
			<oreDict>gemDiamond</oreDict>
			<itemStack>advancedrocketry:pressureTank 1 3</itemStack>
		</input>
		<output>
			<itemStack>minecraft:chainmail_chestplate</itemStack>
		</output>
	</Recipe>
	<Recipe timeRequired="100" power ="10">
		<input>
			<itemStack>galacticraftplanets:desh_helmet</itemStack>
			<oreDict>gemDiamond</oreDict>
		</input>
		<output>
			<itemStack>galacticraftplanets:desh_helmet</itemStack>
		</output>
	</Recipe>
	<Recipe timeRequired="100" power ="10">
		<input>
			<itemStack>betteragriculture:armorfarmeroutfit.boots</itemStack>
			<oreDict>gemDiamond</oreDict>
		</input>
		<output>
			<itemStack>betteragriculture:armorfarmeroutfit.boots</itemStack>
		</output>
	</Recipe>
	<Recipe timeRequired="100" power ="10">
		<input>
			<itemStack>enderio:darkSteel_helmet</itemStack>
			<oreDict>gemDiamond</oreDict>
		</input>
		<output>
			<itemStack>enderio:darkSteel_helmet</itemStack>
		</output>
	</Recipe>
	<Recipe timeRequired="100" power ="10">
		<input>
			<itemStack>extraplanets:magnesium_legings</itemStack>
			<oreDict>gemDiamond</oreDict>
		</input>
		<output>
			<itemStack>extraplanets:magnesium_legings</itemStack>
		</output>
	</Recipe>
	<Recipe timeRequired="100" power ="10">
		<input>
			<itemStack>minecraft:golden_leggings</itemStack>
			<oreDict>gemDiamond</oreDict>
		</input>
		<output>
			<itemStack>minecraft:golden_leggings</itemStack>
		</output>
	</Recipe>
	<Recipe timeRequired="100" power ="10">
		<input>
			<itemStack>extraplanets:tier1_space_suit_gravity_boots</itemStack>
			<oreDict>gemDiamond</oreDict>
		</input>
		<output>
			<itemStack>extraplanets:tier1_space_suit_gravity_boots</itemStack>
		</output>
	</Recipe>
	<Recipe timeRequired="100" power ="10">
		<input>
			<itemStack>extraplanets:tier4_space_suit_legings</itemStack>
			<oreDict>gemDiamond</oreDict>
		</input>
		<output>
			<itemStack>extraplanets:tier4_space_suit_legings</itemStack>
		</output>
	</Recipe>
	<Recipe timeRequired="100" power ="10">
		<input>
			<itemStack>extraplanets:red_gem_chest</itemStack>
			<oreDict>gemDiamond</oreDict>
			<itemStack>advancedrocketry:pressureTank 1 3</itemStack>
		</input>
		<output>
			<itemStack>extraplanets:red_gem_chest</itemStack>
		</output>
	</Recipe>
	<Recipe timeRequired="100" power ="10">
		<input>
			<itemStack>extraplanets:uranium_boots</itemStack>
			<oreDict>gemDiamond</oreDict>
		</input>
		<output>
			<itemStack>extraplanets:uranium_boots</itemStack>
		</output>
	</Recipe>
	<Recipe timeRequired="100" power ="10">
		<input>
			<itemStack>extraplanets:tier1_space_suit_helmet</itemStack>
			<oreDict>gemDiamond</oreDict>
		</input>
		<output>
			<itemStack>extraplanets:tier1_space_suit_helmet</itemStack>
		</output>
	</Recipe>
	<Recipe timeRequired="100" power ="10">
		<input>
			<itemStack>extraplanets:tungsten_helmet</itemStack>
			<oreDict>gemDiamond</oreDict>
		</input>
		<output>
			<itemStack>extraplanets:tungsten_helmet</itemStack>
		</output>
	</Recipe>
	<Recipe timeRequired="100" power ="10">
		<input>
			<itemStack>galacticraftcore:steel_boots</itemStack>
			<oreDict>gemDiamond</oreDict>
		</input>
		<output>
			<itemStack>galacticraftcore:steel_boots</itemStack>
		</output>
	</Recipe>
	<Recipe timeRequired="100" power ="10">
		<input>
			<itemStack>minecraft:golden_chestplate</itemStack>
			<oreDict>gemDiamond</oreDict>
			<itemStack>advancedrocketry:pressureTank 1 3</itemStack>
		</input>
		<output>
			<itemStack>minecraft:golden_chestplate</itemStack>
		</output>
	</Recipe>
	<Recipe timeRequired="100" power ="10">
		<input>
			<itemStack>mekanism:ScubaTank</itemStack>
			<oreDict>gemDiamond</oreDict>
			<itemStack>advancedrocketry:pressureTank 1 3</itemStack>
		</input>
		<output>
			<itemStack>mekanism:ScubaTank</itemStack>
		</output>
	</Recipe>
	<Recipe timeRequired="100" power ="10">
		<input>
			<itemStack>extraplanets:purple_diamond_boots</itemStack>
			<oreDict>gemDiamond</oreDict>
		</input>
		<output>
			<itemStack>extraplanets:purple_diamond_boots</itemStack>
		</output>
	</Recipe>
	<Recipe timeRequired="100" power ="10">
		<input>
			<itemStack>biomesoplenty:mud_chestplate</itemStack>
			<oreDict>gemDiamond</oreDict>
			<itemStack>advancedrocketry:pressureTank 1 3</itemStack>
		</input>
		<output>
			<itemStack>biomesoplenty:mud_chestplate</itemStack>
		</output>
	</Recipe>
	<Recipe timeRequired="100" power ="10">
		<input>
			<itemStack>extraplanets:tier2_space_suit_gravity_boots</itemStack>
			<oreDict>gemDiamond</oreDict>
		</input>
		<output>
			<itemStack>extraplanets:tier2_space_suit_gravity_boots</itemStack>
		</output>
	</Recipe>
	<Recipe timeRequired="100" power ="10">
		<input>
			<itemStack>extraplanets:tungsten_legings</itemStack>
			<oreDict>gemDiamond</oreDict>
		</input>
		<output>
			<itemStack>extraplanets:tungsten_legings</itemStack>
		</output>
	</Recipe>
	<Recipe timeRequired="100" power ="10">
		<input>
			<itemStack>minecraft:diamond_helmet</itemStack>
			<oreDict>gemDiamond</oreDict>
		</input>
		<output>
			<itemStack>minecraft:diamond_helmet</itemStack>
		</output>
	</Recipe>
	<Recipe timeRequired="100" power ="10">
		<input>
			<itemStack>thermalfoundation:armor.boots_copper</itemStack>
			<oreDict>gemDiamond</oreDict>
		</input>
		<output>
			<itemStack>thermalfoundation:armor.boots_copper</itemStack>
		</output>
	</Recipe>
	<Recipe timeRequired="100" power ="10">
		<input>
			<itemStack>extraplanets:tier3_space_suit_legings</itemStack>
			<oreDict>gemDiamond</oreDict>
		</input>
		<output>
			<itemStack>extraplanets:tier3_space_suit_legings</itemStack>
		</output>
	</Recipe>
	<Recipe timeRequired="100" power ="10">
		<input>
			<itemStack>cyberware:trenchcoat</itemStack>
			<oreDict>gemDiamond</oreDict>
			<itemStack>advancedrocketry:pressureTank 1 3</itemStack>
		</input>
		<output>
			<itemStack>cyberware:trenchcoat</itemStack>
		</output>
	</Recipe>
	<Recipe timeRequired="100" power ="10">
		<input>
			<itemStack>powersuits:powerArmorHead</itemStack>
			<oreDict>gemDiamond</oreDict>
		</input>
		<output>
			<itemStack>powersuits:powerArmorHead</itemStack>
		</output>
	</Recipe>
	<Recipe timeRequired="100" power ="10">
		<input>
			<itemStack>biomesoplenty:wading_boots</itemStack>
			<oreDict>gemDiamond</oreDict>
		</input>
		<output>
			<itemStack>biomesoplenty:wading_boots</itemStack>
		</output>
	</Recipe>
	<Recipe timeRequired="100" power ="10">
		<input>
			<itemStack>powersuits:powerArmorLegs</itemStack>
			<oreDict>gemDiamond</oreDict>
		</input>
		<output>
			<itemStack>powersuits:powerArmorLegs</itemStack>
		</output>
	</Recipe>
	<Recipe timeRequired="100" power ="10">
		<input>
			<itemStack>galacticraftplanets:titanium_boots</itemStack>
			<oreDict>gemDiamond</oreDict>
		</input>
		<output>
			<itemStack>galacticraftplanets:titanium_boots</itemStack>
		</output>
	</Recipe>
	<Recipe timeRequired="100" power ="10">
		<input>
			<itemStack>quark:pirate_hat</itemStack>
			<oreDict>gemDiamond</oreDict>
		</input>
		<output>
			<itemStack>quark:pirate_hat</itemStack>
		</output>
	</Recipe>
	<Recipe timeRequired="100" power ="10">
		<input>
			<itemStack>thermalfoundation:armor.legs_bronze</itemStack>
			<oreDict>gemDiamond</oreDict>
		</input>
		<output>
			<itemStack>thermalfoundation:armor.legs_bronze</itemStack>
		</output>
	</Recipe>
	<Recipe timeRequired="100" power ="10">
		<input>
			<itemStack>extraplanets:red_gem_legings</itemStack>
			<oreDict>gemDiamond</oreDict>
		</input>
		<output>
			<itemStack>extraplanets:red_gem_legings</itemStack>
		</output>
	</Recipe>
	<Recipe timeRequired="100" power ="10">
		<input>
			<itemStack>betteragriculture:armorfarmeroutfit.leggings</itemStack>
			<oreDict>gemDiamond</oreDict>
		</input>
		<output>
			<itemStack>betteragriculture:armorfarmeroutfit.leggings</itemStack>
		</output>
	</Recipe>
	<Recipe timeRequired="100" power ="10">
		<input>
			<itemStack>extraplanets:green_diamond_boots</itemStack>
			<oreDict>gemDiamond</oreDict>
		</input>
		<output>
			<itemStack>extraplanets:green_diamond_boots</itemStack>
		</output>
	</Recipe>
	<Recipe timeRequired="100" power ="10">
		<input>
			<itemStack>thermalfoundation:armor.helmet_silver</itemStack>
			<oreDict>gemDiamond</oreDict>
		</input>
		<output>
			<itemStack>thermalfoundation:armor.helmet_silver</itemStack>
		</output>
	</Recipe>
	<Recipe timeRequired="100" power ="10">
		<input>
			<itemStack>simplyjetpacks:itemFluxpack</itemStack>
			<oreDict>gemDiamond</oreDict>
			<itemStack>advancedrocketry:pressureTank 1 3</itemStack>
		</input>
		<output>
			<itemStack>simplyjetpacks:itemFluxpack</itemStack>
		</output>
	</Recipe>
	<Recipe timeRequired="100" power ="10">
		<input>
			<itemStack>tp:flint_boots</itemStack>
			<oreDict>gemDiamond</oreDict>
		</input>
		<output>
			<itemStack>tp:flint_boots</itemStack>
		</output>
	</Recipe>
	<Recipe timeRequired="100" power ="10">
		<input>
			<itemStack>tconstruct:slime_boots</itemStack>
			<oreDict>gemDiamond</oreDict>
		</input>
		<output>
			<itemStack>tconstruct:slime_boots</itemStack>
		</output>
	</Recipe>
	<Recipe timeRequired="100" power ="10">
		<input>
			<itemStack>thermalfoundation:armor.plate_invar</itemStack>
			<oreDict>gemDiamond</oreDict>
			<itemStack>advancedrocketry:pressureTank 1 3</itemStack>
		</input>
		<output>
			<itemStack>thermalfoundation:armor.plate_invar</itemStack>
		</output>
	</Recipe>
	<Recipe timeRequired="100" power ="10">
		<input>
			<itemStack>extraplanets:blue_gem_legings</itemStack>
			<oreDict>gemDiamond</oreDict>
		</input>
		<output>
			<itemStack>extraplanets:blue_gem_legings</itemStack>
		</output>
	</Recipe>
	<Recipe timeRequired="100" power ="10">
		<input>
			<itemStack>thermalfoundation:armor.plate_silver</itemStack>
			<oreDict>gemDiamond</oreDict>
			<itemStack>advancedrocketry:pressureTank 1 3</itemStack>
		</input>
		<output>
			<itemStack>thermalfoundation:armor.plate_silver</itemStack>
		</output>
	</Recipe>
	<Recipe timeRequired="100" power ="10">
		<input>
			<itemStack>minecraft:leather_boots</itemStack>
			<oreDict>gemDiamond</oreDict>
		</input>
		<output>
			<itemStack>minecraft:leather_boots</itemStack>
		</output>
	</Recipe>
	<Recipe timeRequired="100" power ="10">
		<input>
			<itemStack>psionup:ivoryLeggings</itemStack>
			<oreDict>gemDiamond</oreDict>
		</input>
		<output>
			<itemStack>psionup:ivoryLeggings</itemStack>
		</output>
	</Recipe>
	<Recipe timeRequired="100" power ="10">
		<input>
			<itemStack>extraplanets:blue_gem_chest</itemStack>
			<oreDict>gemDiamond</oreDict>
			<itemStack>advancedrocketry:pressureTank 1 3</itemStack>
		</input>
		<output>
			<itemStack>extraplanets:blue_gem_chest</itemStack>
		</output>
	</Recipe>
	<Recipe timeRequired="100" power ="10">
		<input>
			<itemStack>extraplanets:palladium_legings</itemStack>
			<oreDict>gemDiamond</oreDict>
		</input>
		<output>
			<itemStack>extraplanets:palladium_legings</itemStack>
		</output>
	</Recipe>
	<Recipe timeRequired="100" power ="10">
		<input>
			<itemStack>galacticraftplanets:titanium_chestplate</itemStack>
			<oreDict>gemDiamond</oreDict>
			<itemStack>advancedrocketry:pressureTank 1 3</itemStack>
		</input>
		<output>
			<itemStack>galacticraftplanets:titanium_chestplate</itemStack>
		</output>
	</Recipe>
	<Recipe timeRequired="100" power ="10">
		<input>
			<itemStack>thermalfoundation:armor.plate_electrum</itemStack>
			<oreDict>gemDiamond</oreDict>
			<itemStack>advancedrocketry:pressureTank 1 3</itemStack>
		</input>
		<output>
			<itemStack>thermalfoundation:armor.plate_electrum</itemStack>
		</output>
	</Recipe>
	<Recipe timeRequired="100" power ="10">
		<input>
			<itemStack>extraplanets:white_gem_helmet</itemStack>
			<oreDict>gemDiamond</oreDict>
		</input>
		<output>
			<itemStack>extraplanets:white_gem_helmet</itemStack>
		</output>
	</Recipe>
	<Recipe timeRequired="100" power ="10">
		<input>
			<itemStack>extraplanets:white_gem_chest</itemStack>
			<oreDict>gemDiamond</oreDict>
			<itemStack>advancedrocketry:pressureTank 1 3</itemStack>
		</input>
		<output>
			<itemStack>extraplanets:white_gem_chest</itemStack>
		</output>
	</Recipe>
	<Recipe timeRequired="100" power ="10">
		<input>
			<itemStack>minecraft:golden_boots</itemStack>
			<oreDict>gemDiamond</oreDict>
		</input>
		<output>
			<itemStack>minecraft:golden_boots</itemStack>
		</output>
	</Recipe>
	<Recipe timeRequired="100" power ="10">
		<input>
			<itemStack>thermalfoundation:armor.helmet_nickel</itemStack>
			<oreDict>gemDiamond</oreDict>
		</input>
		<output>
			<itemStack>thermalfoundation:armor.helmet_nickel</itemStack>
		</output>
	</Recipe>
	<Recipe timeRequired="100" power ="10">
		<input>
			<itemStack>extraplanets:magnesium_helmet</itemStack>
			<oreDict>gemDiamond</oreDict>
		</input>
		<output>
			<itemStack>extraplanets:magnesium_helmet</itemStack>
		</output>
	</Recipe>
	<Recipe timeRequired="100" power ="10">
		<input>
			<itemStack>extraplanets:tier2_space_suit_legings</itemStack>
			<oreDict>gemDiamond</oreDict>
		</input>
		<output>
			<itemStack>extraplanets:tier2_space_suit_legings</itemStack>
		</output>
	</Recipe>
	<Recipe timeRequired="100" power ="10">
		<input>
			<itemStack>extraplanets:red_diamond_legings</itemStack>
			<oreDict>gemDiamond</oreDict>
		</input>
		<output>
			<itemStack>extraplanets:red_diamond_legings</itemStack>
		</output>
	</Recipe>
	<Recipe timeRequired="100" power ="10">
		<input>
			<itemStack>betteragriculture:armorfarmeroutfit.chestplate</itemStack>
			<oreDict>gemDiamond</oreDict>
			<itemStack>advancedrocketry:pressureTank 1 3</itemStack>
		</input>
		<output>
			<itemStack>betteragriculture:armorfarmeroutfit.chestplate</itemStack>
		</output>
	</Recipe>
	<Recipe timeRequired="100" power ="10">
		<input>
			<itemStack>extraplanets:palladium_boots</itemStack>
			<oreDict>gemDiamond</oreDict>
		</input>
		<output>
			<itemStack>extraplanets:palladium_boots</itemStack>
		</output>
	</Recipe>
	<Recipe timeRequired="100" power ="10">
		<input>
			<itemStack>minecraft:chainmail_leggings</itemStack>
			<oreDict>gemDiamond</oreDict>
		</input>
		<output>
			<itemStack>minecraft:chainmail_leggings</itemStack>
		</output>
	</Recipe>
	<Recipe timeRequired="100" power ="10">
		<input>
			<itemStack>minecraft:diamond_chestplate</itemStack>
			<oreDict>gemDiamond</oreDict>
			<itemStack>advancedrocketry:pressureTank 1 3</itemStack>
		</input>
		<output>
			<itemStack>minecraft:diamond_chestplate</itemStack>
		</output>
	</Recipe>
	<Recipe timeRequired="100" power ="10">
		<input>
			<itemStack>redstonearsenal:armor.helmet_flux</itemStack>
			<oreDict>gemDiamond</oreDict>
		</input>
		<output>
			<itemStack>redstonearsenal:armor.helmet_flux</itemStack>
		</output>
	</Recipe>
	<Recipe timeRequired="100" power ="10">
		<input>
			<itemStack>lcrdrfs:jetpack</itemStack>
			<oreDict>gemDiamond</oreDict>
			<itemStack>advancedrocketry:pressureTank 1 3</itemStack>
		</input>
		<output>
			<itemStack>lcrdrfs:jetpack</itemStack>
		</output>
	</Recipe>
	<Recipe timeRequired="100" power ="10">
		<input>
			<itemStack>minecraft:diamond_leggings</itemStack>
			<oreDict>gemDiamond</oreDict>
		</input>
		<output>
			<itemStack>minecraft:diamond_leggings</itemStack>
		</output>
	</Recipe>
	<Recipe timeRequired="100" power ="10">
		<input>
			<itemStack>extraplanets:red_gem_boots</itemStack>
			<oreDict>gemDiamond</oreDict>
		</input>
		<output>
			<itemStack>extraplanets:red_gem_boots</itemStack>
		</output>
	</Recipe>
	<Recipe timeRequired="100" power ="10">
		<input>
			<itemStack>minecraft:iron_boots</itemStack>
			<oreDict>gemDiamond</oreDict>
		</input>
		<output>
			<itemStack>minecraft:iron_boots</itemStack>
		</output>
	</Recipe>
	<Recipe timeRequired="100" power ="10">
		<input>
			<itemStack>minecraft:chainmail_boots</itemStack>
			<oreDict>gemDiamond</oreDict>
		</input>
		<output>
			<itemStack>minecraft:chainmail_boots</itemStack>
		</output>
	</Recipe>
	<Recipe timeRequired="100" power ="10">
		<input>
			<itemStack>extraplanets:crystal_chest</itemStack>
			<oreDict>gemDiamond</oreDict>
			<itemStack>advancedrocketry:pressureTank 1 3</itemStack>
		</input>
		<output>
			<itemStack>extraplanets:crystal_chest</itemStack>
		</output>
	</Recipe>
	<Recipe timeRequired="100" power ="10">
		<input>
			<itemStack>openglasses:openglasses</itemStack>
			<oreDict>gemDiamond</oreDict>
		</input>
		<output>
			<itemStack>openglasses:openglasses</itemStack>
		</output>
	</Recipe>
	<Recipe timeRequired="100" power ="10">
		<input>
			<itemStack>tp:stone_boots</itemStack>
			<oreDict>gemDiamond</oreDict>
		</input>
		<output>
			<itemStack>tp:stone_boots</itemStack>
		</output>
	</Recipe>
	<Recipe timeRequired="100" power ="10">
		<input>
			<itemStack>extraplanets:tier1_space_suit_chest</itemStack>
			<oreDict>gemDiamond</oreDict>
			<itemStack>advancedrocketry:pressureTank 1 3</itemStack>
		</input>
		<output>
			<itemStack>extraplanets:tier1_space_suit_chest</itemStack>
		</output>
	</Recipe>
	<Recipe timeRequired="100" power ="10">
		<input>
			<itemStack>thermalfoundation:armor.boots_nickel</itemStack>
			<oreDict>gemDiamond</oreDict>
		</input>
		<output>
			<itemStack>thermalfoundation:armor.boots_nickel</itemStack>
		</output>
	</Recipe>
	<Recipe timeRequired="100" power ="10">
		<input>
			<itemStack>extraplanets:crystal_legings</itemStack>
			<oreDict>gemDiamond</oreDict>
		</input>
		<output>
			<itemStack>extraplanets:crystal_legings</itemStack>
		</output>
	</Recipe>
	<Recipe timeRequired="100" power ="10">
		<input>
			<itemStack>redstonearsenal:armor.legs_flux</itemStack>
			<oreDict>gemDiamond</oreDict>
		</input>
		<output>
			<itemStack>redstonearsenal:armor.legs_flux</itemStack>
		</output>
	</Recipe>
	<Recipe timeRequired="100" power ="10">
		<input>
			<itemStack>minecraft:chainmail_helmet</itemStack>
			<oreDict>gemDiamond</oreDict>
		</input>
		<output>
			<itemStack>minecraft:chainmail_helmet</itemStack>
		</output>
	</Recipe>
	<Recipe timeRequired="100" power ="10">
		<input>
			<itemStack>biomesoplenty:mud_boots</itemStack>
			<oreDict>gemDiamond</oreDict>
		</input>
		<output>
			<itemStack>biomesoplenty:mud_boots</itemStack>
		</output>
	</Recipe>
	<Recipe timeRequired="100" power ="10">
		<input>
			<itemStack>extraplanets:zinc_chest</itemStack>
			<oreDict>gemDiamond</oreDict>
			<itemStack>advancedrocketry:pressureTank 1 3</itemStack>
		</input>
		<output>
			<itemStack>extraplanets:zinc_chest</itemStack>
		</output>
	</Recipe>
	<Recipe timeRequired="100" power ="10">
		<input>
			<itemStack>extraplanets:yellow_diamond_chest</itemStack>
			<oreDict>gemDiamond</oreDict>
			<itemStack>advancedrocketry:pressureTank 1 3</itemStack>
		</input>
		<output>
			<itemStack>extraplanets:yellow_diamond_chest</itemStack>
		</output>
	</Recipe>
	<Recipe timeRequired="100" power ="10">
		<input>
			<itemStack>extraplanets:purple_diamond_helmet</itemStack>
			<oreDict>gemDiamond</oreDict>
		</input>
		<output>
			<itemStack>extraplanets:purple_diamond_helmet</itemStack>
		</output>
	</Recipe>
	<Recipe timeRequired="100" power ="10">
		<input>
			<itemStack>minecraft:leather_helmet</itemStack>
			<oreDict>gemDiamond</oreDict>
		</input>
		<output>
			<itemStack>minecraft:leather_helmet</itemStack>
		</output>
	</Recipe>
	<Recipe timeRequired="100" power ="10">
		<input>
			<itemStack>galacticraftplanets:desh_leggings</itemStack>
			<oreDict>gemDiamond</oreDict>
		</input>
		<output>
			<itemStack>galacticraftplanets:desh_leggings</itemStack>
		</output>
	</Recipe>
	<Recipe timeRequired="100" power ="10">
		<input>
			<itemStack>extraplanets:red_diamond_helmet</itemStack>
			<oreDict>gemDiamond</oreDict>
		</input>
		<output>
			<itemStack>extraplanets:red_diamond_helmet</itemStack>
		</output>
	</Recipe>
	<Recipe timeRequired="100" power ="10">
		<input>
			<itemStack>redstonearsenal:armor.plate_flux</itemStack>
			<oreDict>gemDiamond</oreDict>
			<itemStack>advancedrocketry:pressureTank 1 3</itemStack>
		</input>
		<output>
			<itemStack>redstonearsenal:armor.plate_flux</itemStack>
		</output>
	</Recipe>
	<Recipe timeRequired="100" power ="10">
		<input>
			<itemStack>thermalfoundation:armor.boots_platinum</itemStack>
			<oreDict>gemDiamond</oreDict>
		</input>
		<output>
			<itemStack>thermalfoundation:armor.boots_platinum</itemStack>
		</output>
	</Recipe>
	<Recipe timeRequired="100" power ="10">
		<input>
			<itemStack>redstonearsenal:armor.boots_flux</itemStack>
			<oreDict>gemDiamond</oreDict>
		</input>
		<output>
			<itemStack>redstonearsenal:armor.boots_flux</itemStack>
		</output>
	</Recipe>
	<Recipe timeRequired="100" power ="10">
		<input>
			<itemStack>enderio:darkSteel_leggings</itemStack>
			<oreDict>gemDiamond</oreDict>
		</input>
		<output>
			<itemStack>enderio:darkSteel_leggings</itemStack>
		</output>
	</Recipe>
	<Recipe timeRequired="100" power ="10">
		<input>
			<itemStack>tp:wooden_helmet</itemStack>
			<oreDict>gemDiamond</oreDict>
		</input>
		<output>
			<itemStack>tp:wooden_helmet</itemStack>
		</output>
	</Recipe>
	<Recipe timeRequired="100" power ="10">
		<input>
			<itemStack>extraplanets:white_gem_legings</itemStack>
			<oreDict>gemDiamond</oreDict>
		</input>
		<output>
			<itemStack>extraplanets:white_gem_legings</itemStack>
		</output>
	</Recipe>
	<Recipe timeRequired="100" power ="10">
		<input>
			<itemStack>extraplanets:mercury_helmet</itemStack>
			<oreDict>gemDiamond</oreDict>
		</input>
		<output>
			<itemStack>extraplanets:mercury_helmet</itemStack>
		</output>
	</Recipe>
	<Recipe timeRequired="100" power ="10">
		<input>
			<itemStack>extraplanets:purple_diamond_legings</itemStack>
			<oreDict>gemDiamond</oreDict>
		</input>
		<output>
			<itemStack>extraplanets:purple_diamond_legings</itemStack>
		</output>
	</Recipe>
	<Recipe timeRequired="100" power ="10">
		<input>
			<itemStack>extraplanets:tier4_space_suit_helmet</itemStack>
			<oreDict>gemDiamond</oreDict>
		</input>
		<output>
			<itemStack>extraplanets:tier4_space_suit_helmet</itemStack>
		</output>
	</Recipe>
	<Recipe timeRequired="100" power ="10">
		<input>
			<itemStack>extraplanets:tier1_space_suit_legings</itemStack>
			<oreDict>gemDiamond</oreDict>
		</input>
		<output>
			<itemStack>extraplanets:tier1_space_suit_legings</itemStack>
		</output>
	</Recipe>
	<Recipe timeRequired="100" power ="10">
		<input>
			<itemStack>thermalfoundation:armor.helmet_copper</itemStack>
			<oreDict>gemDiamond</oreDict>
		</input>
		<output>
			<itemStack>thermalfoundation:armor.helmet_copper</itemStack>
		</output>
	</Recipe>
	<Recipe timeRequired="100" power ="10">
		<input>
			<itemStack>biomesoplenty:lush_flower_band</itemStack>
			<oreDict>gemDiamond</oreDict>
		</input>
		<output>
			<itemStack>biomesoplenty:lush_flower_band</itemStack>
		</output>
	</Recipe>
	<Recipe timeRequired="100" power ="10">
		<input>
			<itemStack>thermalfoundation:armor.helmet_platinum</itemStack>
			<oreDict>gemDiamond</oreDict>
		</input>
		<output>
			<itemStack>thermalfoundation:armor.helmet_platinum</itemStack>
		</output>
	</Recipe>
	<Recipe timeRequired="100" power ="10">
		<input>
			<itemStack>extraplanets:zinc_helmet</itemStack>
			<oreDict>gemDiamond</oreDict>
		</input>
		<output>
			<itemStack>extraplanets:zinc_helmet</itemStack>
		</output>
	</Recipe>
	<Recipe timeRequired="100" power ="10">
		<input>
			<itemStack>simplyjetpacks:itemJetpack</itemStack>
			<oreDict>gemDiamond</oreDict>
			<itemStack>advancedrocketry:pressureTank 1 3</itemStack>
		</input>
		<output>
			<itemStack>simplyjetpacks:itemJetpack</itemStack>
		</output>
	</Recipe>
	<Recipe timeRequired="100" power ="10">
		<input>
			<itemStack>tp:bone_boots</itemStack>
			<oreDict>gemDiamond</oreDict>
		</input>
		<output>
			<itemStack>tp:bone_boots</itemStack>
		</output>
	</Recipe>
	<Recipe timeRequired="100" power ="10">
		<input>
			<itemStack>extraplanets:tier2_space_suit_chest</itemStack>
			<oreDict>gemDiamond</oreDict>
			<itemStack>advancedrocketry:pressureTank 1 3</itemStack>
		</input>
		<output>
			<itemStack>extraplanets:tier2_space_suit_chest</itemStack>
		</output>
	</Recipe>
	<Recipe timeRequired="100" power ="10">
		<input>
			<itemStack>extraplanets:mercury_chest</itemStack>
			<oreDict>gemDiamond</oreDict>
			<itemStack>advancedrocketry:pressureTank 1 3</itemStack>
		</input>
		<output>
			<itemStack>extraplanets:mercury_chest</itemStack>
		</output>
	</Recipe>
	<Recipe timeRequired="100" power ="10">
		<input>
			<itemStack>thermalfoundation:armor.plate_copper</itemStack>
			<oreDict>gemDiamond</oreDict>
			<itemStack>advancedrocketry:pressureTank 1 3</itemStack>
		</input>
		<output>
			<itemStack>thermalfoundation:armor.plate_copper</itemStack>
		</output>
	</Recipe>
	<Recipe timeRequired="100" power ="10">
		<input>
			<itemStack>tp:wooden_boots</itemStack>
			<oreDict>gemDiamond</oreDict>
		</input>
		<output>
			<itemStack>tp:wooden_boots</itemStack>
		</output>
	</Recipe>
	<Recipe timeRequired="100" power ="10">
		<input>
			<itemStack>psi:psimetalExosuitHelmet</itemStack>
			<oreDict>gemDiamond</oreDict>
		</input>
		<output>
			<itemStack>psi:psimetalExosuitHelmet</itemStack>
		</output>
	</Recipe>
	<Recipe timeRequired="100" power ="10">
		<input>
			<itemStack>enderio:darkSteel_boots</itemStack>
			<oreDict>gemDiamond</oreDict>
		</input>
		<output>
			<itemStack>enderio:darkSteel_boots</itemStack>
		</output>
	</Recipe>
	<Recipe timeRequired="100" power ="10">
		<input>
			<itemStack>thermalfoundation:armor.boots_tin</itemStack>
			<oreDict>gemDiamond</oreDict>
		</input>
		<output>
			<itemStack>thermalfoundation:armor.boots_tin</itemStack>
		</output>
	</Recipe>
	<Recipe timeRequired="100" power ="10">
		<input>
			<itemStack>thermalfoundation:armor.legs_electrum</itemStack>
			<oreDict>gemDiamond</oreDict>
		</input>
		<output>
			<itemStack>thermalfoundation:armor.legs_electrum</itemStack>
		</output>
	</Recipe>
	<Recipe timeRequired="100" power ="10">
		<input>
			<itemStack>extraplanets:tungsten_chest</itemStack>
			<oreDict>gemDiamond</oreDict>
			<itemStack>advancedrocketry:pressureTank 1 3</itemStack>
		</input>
		<output>
			<itemStack>extraplanets:tungsten_chest</itemStack>
		</output>
	</Recipe>
	<Recipe timeRequired="100" power ="10">
		<input>
			<itemStack>betteragriculture:armorfarmeroutfit.helmet</itemStack>
			<oreDict>gemDiamond</oreDict>
		</input>
		<output>
			<itemStack>betteragriculture:armorfarmeroutfit.helmet</itemStack>
		</output>
	</Recipe>
	<Recipe timeRequired="100" power ="10">
		<input>
			<itemStack>extraplanets:green_diamond_helmet</itemStack>
			<oreDict>gemDiamond</oreDict>
		</input>
		<output>
			<itemStack>extraplanets:green_diamond_helmet</itemStack>
		</output>
	</Recipe>
	<Recipe timeRequired="100" power ="10">
		<input>
			<itemStack>extraplanets:uranium_helmet</itemStack>
			<oreDict>gemDiamond</oreDict>
		</input>
		<output>
			<itemStack>extraplanets:uranium_helmet</itemStack>
		</output>
	</Recipe>
	<Recipe timeRequired="100" power ="10">
		<input>
			<itemStack>extraplanets:blue_diamond_chest</itemStack>
			<oreDict>gemDiamond</oreDict>
			<itemStack>advancedrocketry:pressureTank 1 3</itemStack>
		</input>
		<output>
			<itemStack>extraplanets:blue_diamond_chest</itemStack>
		</output>
	</Recipe>
</Recipes>