[{"uuid":"4fd9157d-96e5-4253-b259-ec1f6ed42de3","name":"","lives":3,"team":{"id":-1,"lifeSetting":"SHARE","rewardSetting":"ALL","players":[{"uuid":"4fd9157d-96e5-4253-b259-ec1f6ed42de3","owner":true,"bookOpen":true,"inTeam":true}],"reputations":[],"questDataList":[{"questId":"f51a364e-b10a-4f29-966a-4d291419c714","questData":{"players":1,"rewards":[false],"completed":false,"claimed":false,"available":true,"time":0,"tasksSize":0,"tasks":[]}},{"questId":"9d20cc22-450a-4ac3-b25c-a03ee086312d","questData":{"players":1,"rewards":[false],"completed":false,"claimed":false,"available":true,"time":0,"tasksSize":0,"tasks":[]}},{"questId":"8c3002b5-8e37-4f07-81d2-52f922da1fb0","questData":{"players":1,"rewards":[false],"completed":false,"claimed":false,"available":true,"time":0,"tasksSize":0,"tasks":[]}},{"questId":"73ed1281-f7d3-4b68-92ba-76a77a0071db","questData":{"players":1,"rewards":[false],"completed":false,"claimed":false,"available":true,"time":0,"tasksSize":0,"tasks":[]}},{"questId":"853ab4c9-1f9c-49bd-a41e-63d68553c87e","questData":{"players":1,"rewards":[false],"completed":false,"claimed":false,"available":true,"time":0,"tasksSize":0,"tasks":[]}},{"questId":"a867cf2f-f8b7-4346-8dd6-65f5aba0bdc5","questData":{"players":1,"rewards":[false],"completed":false,"claimed":false,"available":true,"time":0,"tasksSize":0,"tasks":[]}},{"questId":"f1e566df-3d2d-4ed7-a823-89c3aa483cf6","questData":{"players":1,"rewards":[false],"completed":false,"claimed":false,"available":true,"time":0,"tasksSize":0,"tasks":[]}},{"questId":"83601792-ec93-4f29-8814-2c5427532c96","questData":{"players":1,"rewards":[false],"completed":false,"claimed":false,"available":true,"time":0,"tasksSize":0,"tasks":[]}},{"questId":"33b7734a-1647-4ea3-8a3e-48a715201e30","questData":{"players":1,"rewards":[false],"completed":false,"claimed":false,"available":true,"time":0,"tasksSize":0,"tasks":[]}},{"questId":"74ed3ccc-5b75-4ad9-8ae7-27fbe544748e","questData":{"players":1,"rewards":[false],"completed":false,"claimed":false,"available":true,"time":0,"tasksSize":0,"tasks":[]}},{"questId":"6860df8c-9db7-4294-aedd-295b0ffa7b72","questData":{"players":1,"rewards":[false],"completed":false,"claimed":false,"available":true,"time":0,"tasksSize":0,"tasks":[]}},{"questId":"52293e93-dce1-4b71-a515-3efb2efb6d06","questData":{"players":1,"rewards":[false],"completed":false,"claimed":false,"available":true,"time":0,"tasksSize":0,"tasks":[]}},{"questId":"440c0b32-4b72-47b7-b44f-c6da03311c9e","questData":{"players":1,"rewards":[false],"completed":false,"claimed":false,"available":true,"time":0,"tasksSize":0,"tasks":[]}},{"questId":"9c59a914-17c7-4eeb-b7a5-5764cb6bdfb6","questData":{"players":1,"rewards":[false],"completed":false,"claimed":false,"available":true,"time":0,"tasksSize":0,"tasks":[]}},{"questId":"688a51a6-0f24-4a0f-a2fb-a89b9405644e","questData":{"players":1,"rewards":[false],"completed":false,"claimed":false,"available":true,"time":0,"tasksSize":0,"tasks":[]}},{"questId":"c969be84-8f9a-4f72-80a3-53c65138245b","questData":{"players":1,"rewards":[false],"completed":false,"claimed":false,"available":true,"time":0,"tasksSize":0,"tasks":[]}},{"questId":"9f8fa3f6-d129-4994-9fa4-5b338c5f095a","questData":{"players":1,"rewards":[false],"completed":false,"claimed":false,"available":true,"time":0,"tasksSize":0,"tasks":[]}},{"questId":"2297ba75-f4ee-4469-8948-81510699976e","questData":{"players":1,"rewards":[false],"completed":false,"claimed":false,"available":true,"time":0,"tasksSize":1,"tasks":[{"type":"ITEMS","completed":false,"count":1,"progress":[0]}]}},{"questId":"ba1cd5d8-27f0-47a1-99dc-171a76ae52f1","questData":{"players":1,"rewards":[false],"completed":false,"claimed":false,"available":true,"time":0,"tasksSize":0,"tasks":[]}},{"questId":"9e0eeac2-8049-40b0-b1db-847445a03b84","questData":{"players":1,"rewards":[false],"completed":false,"claimed":false,"available":true,"time":0,"tasksSize":0,"tasks":[]}},{"questId":"e669e40e-6f66-47bc-b3a1-1109eb909895","questData":{"players":1,"rewards":[false],"completed":false,"claimed":false,"available":true,"time":0,"tasksSize":0,"tasks":[]}},{"questId":"87b354c3-aa0e-4f7d-9a37-0348dd3e4350","questData":{"players":1,"rewards":[false],"completed":false,"claimed":false,"available":true,"time":0,"tasksSize":0,"tasks":[]}},{"questId":"b0070473-8a34-478a-b1da-5c920e3426ed","questData":{"players":1,"rewards":[false],"completed":false,"claimed":false,"available":true,"time":0,"tasksSize":0,"tasks":[]}},{"questId":"1d21b2be-5a0d-409e-a08a-56fa6e8d6870","questData":{"players":1,"rewards":[false],"completed":false,"claimed":false,"available":true,"time":0,"tasksSize":0,"tasks":[]}},{"questId":"a5f3f0f5-f5ae-4e9b-b256-90250bd8febf","questData":{"players":1,"rewards":[false],"completed":false,"claimed":false,"available":true,"time":0,"tasksSize":0,"tasks":[]}},{"questId":"717eade0-85db-4973-b5ec-ec85598eabdf","questData":{"players":1,"rewards":[false],"completed":false,"claimed":false,"available":true,"time":0,"tasksSize":0,"tasks":[]}},{"questId":"5a0bd9a0-1b7f-4789-ad14-09a32f12798e","questData":{"players":1,"rewards":[false],"completed":false,"claimed":false,"available":true,"time":0,"tasksSize":0,"tasks":[]}},{"questId":"152407ea-0c7c-4917-839a-972f9bc9c09e","questData":{"players":1,"rewards":[false],"completed":false,"claimed":false,"available":true,"time":0,"tasksSize":0,"tasks":[]}},{"questId":"15c36f7c-3f43-441c-bcdc-dd9f308b4504","questData":{"players":1,"rewards":[false],"completed":false,"claimed":false,"available":true,"time":0,"tasksSize":1,"tasks":[{"type":"ITEMS","completed":false,"count":1,"progress":[0]}]}},{"questId":"7e0940ec-de86-4148-b41a-bef3e08d504d","questData":{"players":1,"rewards":[false],"completed":false,"claimed":false,"available":true,"time":0,"tasksSize":0,"tasks":[]}},{"questId":"ba93aedb-790e-4025-9503-85cf40831844","questData":{"players":1,"rewards":[false],"completed":false,"claimed":false,"available":true,"time":0,"tasksSize":0,"tasks":[]}},{"questId":"284f24d9-6e91-4c69-bc5e-5c81c9ee138f","questData":{"players":1,"rewards":[false],"completed":false,"claimed":false,"available":true,"time":0,"tasksSize":0,"tasks":[]}},{"questId":"274c06fe-fa08-4203-9ef8-35af62cc60f4","questData":{"players":1,"rewards":[false],"completed":false,"claimed":false,"available":true,"time":0,"tasksSize":0,"tasks":[]}},{"questId":"71611872-5dad-4a08-8657-387b07591238","questData":{"players":1,"rewards":[false],"completed":false,"claimed":false,"available":true,"time":0,"tasksSize":1,"tasks":[{"type":"ITEMS","completed":false,"count":1,"progress":[0]}]}},{"questId":"c9cde036-9403-4b5e-a562-764bc6120851","questData":{"players":1,"rewards":[false],"completed":false,"claimed":false,"available":true,"time":0,"tasksSize":0,"tasks":[]}},{"questId":"616895c9-9231-46ea-9dce-bcf70e520649","questData":{"players":1,"rewards":[false],"completed":false,"claimed":false,"available":true,"time":0,"tasksSize":0,"tasks":[]}},{"questId":"c0df611d-bc96-4c29-a4e8-478da70d73cd","questData":{"players":1,"rewards":[false],"completed":false,"claimed":false,"available":true,"time":0,"tasksSize":0,"tasks":[]}},{"questId":"ef7d307a-92b3-4eac-8087-7a470d3a6912","questData":{"players":1,"rewards":[false],"completed":false,"claimed":false,"available":true,"time":0,"tasksSize":0,"tasks":[]}},{"questId":"d001438b-9033-4aba-bf90-b3389e66a690","questData":{"players":1,"rewards":[false],"completed":false,"claimed":false,"available":true,"time":0,"tasksSize":0,"tasks":[]}},{"questId":"83068532-4db3-4b85-b5d9-c43a93c096ff","questData":{"players":1,"rewards":[false],"completed":false,"claimed":false,"available":true,"time":0,"tasksSize":0,"tasks":[]}},{"questId":"b463de6c-a196-4b18-b893-5a456fa95c4b","questData":{"players":1,"rewards":[false],"completed":false,"claimed":false,"available":true,"time":0,"tasksSize":0,"tasks":[]}},{"questId":"56ce4eb3-ef6e-4231-a2b1-eb3c71a09438","questData":{"players":1,"rewards":[false],"completed":false,"claimed":false,"available":true,"time":0,"tasksSize":0,"tasks":[]}},{"questId":"d693df43-b3b3-4659-9ebb-358278e0f84d","questData":{"players":1,"rewards":[false],"completed":false,"claimed":false,"available":true,"time":0,"tasksSize":0,"tasks":[]}},{"questId":"43707315-e43e-4180-9744-47f6a1dda5d4","questData":{"players":1,"rewards":[false],"completed":false,"claimed":false,"available":true,"time":0,"tasksSize":0,"tasks":[]}},{"questId":"d4516bf9-1f8c-40ab-b05d-0ea308109dfb","questData":{"players":1,"rewards":[false],"completed":false,"claimed":false,"available":true,"time":0,"tasksSize":1,"tasks":[{"type":"ITEMS","completed":false,"count":1,"progress":[0]}]}},{"questId":"7afd624c-adea-4d0b-be11-94fde5e6a444","questData":{"players":1,"rewards":[false],"completed":false,"claimed":false,"available":true,"time":0,"tasksSize":0,"tasks":[]}},{"questId":"0cd39a79-d638-4364-ab7a-ecd299d094e3","questData":{"players":1,"rewards":[false],"completed":false,"claimed":false,"available":true,"time":0,"tasksSize":0,"tasks":[]}},{"questId":"692a6267-5af2-402f-ae81-88530382509b","questData":{"players":1,"rewards":[false],"completed":false,"claimed":false,"available":true,"time":0,"tasksSize":0,"tasks":[]}},{"questId":"468c400a-7371-4426-a155-b3b66426ccdc","questData":{"players":1,"rewards":[false],"completed":false,"claimed":false,"available":true,"time":0,"tasksSize":0,"tasks":[]}},{"questId":"e15d4139-97f2-4bce-aae2-8042e63ecd89","questData":{"players":1,"rewards":[false],"completed":false,"claimed":false,"available":true,"time":0,"tasksSize":0,"tasks":[]}},{"questId":"c2db1ea3-60ab-42eb-9e2e-c8c5c6d1cec5","questData":{"players":1,"rewards":[false],"completed":false,"claimed":false,"available":true,"time":0,"tasksSize":0,"tasks":[]}},{"questId":"213e40aa-c138-4e31-87e6-1d852e551b43","questData":{"players":1,"rewards":[false],"completed":false,"claimed":false,"available":true,"time":0,"tasksSize":0,"tasks":[]}},{"questId":"d5c19feb-c560-4969-9e32-2e75ccec8b89","questData":{"players":1,"rewards":[false],"completed":false,"claimed":false,"available":true,"time":0,"tasksSize":0,"tasks":[]}},{"questId":"a07fd0a5-9a2c-4021-b462-a63396168e9c","questData":{"players":1,"rewards":[false],"completed":false,"claimed":false,"available":true,"time":0,"tasksSize":0,"tasks":[]}},{"questId":"1848ed12-2bc9-4978-af19-0dc792132644","questData":{"players":1,"rewards":[false],"completed":false,"claimed":false,"available":true,"time":0,"tasksSize":0,"tasks":[]}},{"questId":"7f9a19b0-cb05-4232-9bac-f1848aac4b23","questData":{"players":1,"rewards":[false],"completed":false,"claimed":false,"available":true,"time":0,"tasksSize":0,"tasks":[]}},{"questId":"df9ac9ae-3704-4400-9d3a-488cdea49f86","questData":{"players":1,"rewards":[false],"completed":false,"claimed":false,"available":true,"time":0,"tasksSize":0,"tasks":[]}},{"questId":"42bc0168-858d-4ef4-925f-d7a1c0cf2a0e","questData":{"players":1,"rewards":[false],"completed":false,"claimed":false,"available":true,"time":0,"tasksSize":0,"tasks":[]}},{"questId":"1df3db5d-87de-4260-a70e-24a753cacc59","questData":{"players":1,"rewards":[false],"completed":false,"claimed":false,"available":true,"time":0,"tasksSize":0,"tasks":[]}},{"questId":"07aae919-ee95-420a-87ee-2b8f1a432ce1","questData":{"players":1,"rewards":[false],"completed":false,"claimed":false,"available":true,"time":0,"tasksSize":0,"tasks":[]}},{"questId":"bc316254-9b2c-4454-8bbd-ea0912e1acb5","questData":{"players":1,"rewards":[false],"completed":false,"claimed":false,"available":true,"time":0,"tasksSize":0,"tasks":[]}},{"questId":"18c630a6-13f9-41e9-b163-b1e392d32c1d","questData":{"players":1,"rewards":[false],"completed":false,"claimed":false,"available":true,"time":0,"tasksSize":0,"tasks":[]}},{"questId":"a89c8c65-a3ae-4f80-92cc-957ada8577e3","questData":{"players":1,"rewards":[false],"completed":false,"claimed":false,"available":true,"time":0,"tasksSize":0,"tasks":[]}},{"questId":"48c514b7-1253-4bab-aa67-51e70f3d1ccf","questData":{"players":1,"rewards":[false],"completed":false,"claimed":false,"available":true,"time":0,"tasksSize":0,"tasks":[]}},{"questId":"6c96d651-a889-4d7d-9854-7025bd62935e","questData":{"players":1,"rewards":[false],"completed":false,"claimed":false,"available":true,"time":0,"tasksSize":0,"tasks":[]}},{"questId":"557a902b-94d8-4afd-9038-4df82a688a7a","questData":{"players":1,"rewards":[false],"completed":false,"claimed":false,"available":true,"time":0,"tasksSize":0,"tasks":[]}},{"questId":"8de990ea-95f5-4b61-aaca-4a0bb34afc98","questData":{"players":1,"rewards":[false],"completed":false,"claimed":false,"available":true,"time":0,"tasksSize":0,"tasks":[]}},{"questId":"3573104a-4d68-485e-8205-c933312d65c5","questData":{"players":1,"rewards":[false],"completed":false,"claimed":false,"available":true,"time":0,"tasksSize":0,"tasks":[]}},{"questId":"cd518e1f-8b99-4b95-9859-2f9b9d1d3bf2","questData":{"players":1,"rewards":[false],"completed":false,"claimed":false,"available":true,"time":0,"tasksSize":0,"tasks":[]}},{"questId":"ef8f37b9-0477-4e16-91d4-1691fb50f077","questData":{"players":1,"rewards":[false],"completed":false,"claimed":false,"available":true,"time":0,"tasksSize":0,"tasks":[]}},{"questId":"3fc64c54-d06d-492b-b89a-cde1b23e0597","questData":{"players":1,"rewards":[false],"completed":false,"claimed":false,"available":true,"time":0,"tasksSize":0,"tasks":[]}},{"questId":"84d7f3b5-f50c-4b3b-9c21-f97f3b3c8fd7","questData":{"players":1,"rewards":[false],"completed":false,"claimed":false,"available":true,"time":0,"tasksSize":0,"tasks":[]}},{"questId":"6cb76108-96ee-411a-aedc-0451eba46387","questData":{"players":1,"rewards":[false],"completed":false,"claimed":false,"available":true,"time":0,"tasksSize":0,"tasks":[]}},{"questId":"52c18354-6632-45bb-a5eb-d0e53e720da3","questData":{"players":1,"rewards":[false],"completed":false,"claimed":false,"available":true,"time":0,"tasksSize":0,"tasks":[]}},{"questId":"2a49788c-68aa-4101-afb8-cc37a960b024","questData":{"players":1,"rewards":[false],"completed":false,"claimed":false,"available":true,"time":0,"tasksSize":0,"tasks":[]}},{"questId":"241f7def-7efe-4020-8d90-84ab5516d700","questData":{"players":1,"rewards":[false],"completed":false,"claimed":false,"available":true,"time":0,"tasksSize":0,"tasks":[]}},{"questId":"d9b641b8-c64b-4ac7-a997-9f34346e992b","questData":{"players":1,"rewards":[false],"completed":false,"claimed":false,"available":true,"time":0,"tasksSize":0,"tasks":[]}},{"questId":"46c0f13a-9092-4e64-94e2-d3f66b911771","questData":{"players":1,"rewards":[false],"completed":false,"claimed":false,"available":true,"time":0,"tasksSize":0,"tasks":[]}},{"questId":"71851956-ac98-4ab2-8bb0-c783c6aaeb5a","questData":{"players":1,"rewards":[false],"completed":false,"claimed":false,"available":true,"time":0,"tasksSize":0,"tasks":[]}},{"questId":"3608e607-4ebc-4052-bff4-c57801418213","questData":{"players":1,"rewards":[false],"completed":false,"claimed":false,"available":true,"time":0,"tasksSize":0,"tasks":[]}},{"questId":"5c410935-ee98-447d-8d40-9b03d26933d9","questData":{"players":1,"rewards":[false],"completed":false,"claimed":false,"available":true,"time":0,"tasksSize":0,"tasks":[]}},{"questId":"38ee9bb1-ab4d-40ac-af07-3de32afd7b35","questData":{"players":1,"rewards":[false],"completed":false,"claimed":false,"available":true,"time":0,"tasksSize":0,"tasks":[]}},{"questId":"d8b98a7a-019f-4b7d-a284-d1566694f58c","questData":{"players":1,"rewards":[false],"completed":false,"claimed":false,"available":true,"time":0,"tasksSize":0,"tasks":[]}},{"questId":"b5204b66-9b45-483c-98cf-da6ab68e49df","questData":{"players":1,"rewards":[false],"completed":false,"claimed":false,"available":true,"time":0,"tasksSize":0,"tasks":[]}},{"questId":"4034efce-a3d0-4ddf-9b17-a1395ca402e0","questData":{"players":1,"rewards":[false],"completed":false,"claimed":false,"available":true,"time":0,"tasksSize":0,"tasks":[]}},{"questId":"3ec9d93b-6c41-4dc4-91da-31dc9ccd4d92","questData":{"players":1,"rewards":[false],"completed":false,"claimed":false,"available":true,"time":0,"tasksSize":0,"tasks":[]}},{"questId":"e50be430-7cc7-44a7-8abb-33916207c2bb","questData":{"players":1,"rewards":[false],"completed":false,"claimed":false,"available":true,"time":0,"tasksSize":0,"tasks":[]}},{"questId":"e98fb623-db76-47c4-a9d9-2f73d7ce6e5c","questData":{"players":1,"rewards":[false],"completed":false,"claimed":false,"available":true,"time":0,"tasksSize":0,"tasks":[]}},{"questId":"acde1704-8e48-456b-89e3-c38923371c12","questData":{"players":1,"rewards":[false],"completed":false,"claimed":false,"available":true,"time":0,"tasksSize":0,"tasks":[]}},{"questId":"f2f63801-22c7-470e-908f-ad32604c7b12","questData":{"players":1,"rewards":[false],"completed":false,"claimed":false,"available":true,"time":0,"tasksSize":0,"tasks":[]}},{"questId":"335fad7a-1a54-48c4-9690-cc11b2145488","questData":{"players":1,"rewards":[false],"completed":false,"claimed":false,"available":true,"time":0,"tasksSize":0,"tasks":[]}},{"questId":"d53f96b4-c08b-45d2-a82e-bee4930b4a2e","questData":{"players":1,"rewards":[false],"completed":false,"claimed":false,"available":true,"time":0,"tasksSize":0,"tasks":[]}},{"questId":"4d13c72a-aed3-4e2d-91ed-11cee0f5f3b7","questData":{"players":1,"rewards":[false],"completed":false,"claimed":false,"available":true,"time":0,"tasksSize":0,"tasks":[]}},{"questId":"cb2b4e0d-e89f-4acf-a7ec-ccb728393de9","questData":{"players":1,"rewards":[false],"completed":false,"claimed":false,"available":true,"time":0,"tasksSize":0,"tasks":[]}},{"questId":"a9f81235-9cca-4894-be96-e9aeaf39d367","questData":{"players":1,"rewards":[false],"completed":false,"claimed":false,"available":true,"time":0,"tasksSize":0,"tasks":[]}},{"questId":"e7c3b788-43de-4ff6-aea3-23326d5e62b6","questData":{"players":1,"rewards":[false],"completed":false,"claimed":false,"available":true,"time":0,"tasksSize":0,"tasks":[]}},{"questId":"03739188-83ad-49ed-9f70-d5faaa190164","questData":{"players":1,"rewards":[false],"completed":false,"claimed":false,"available":true,"time":0,"tasksSize":0,"tasks":[]}},{"questId":"c18a5948-54e8-4404-8f3a-1b68ce1a305d","questData":{"players":1,"rewards":[false],"completed":false,"claimed":false,"available":true,"time":0,"tasksSize":0,"tasks":[]}},{"questId":"40d95b71-a393-43f0-81e6-6ff8e70e6e4c","questData":{"players":1,"rewards":[false],"completed":false,"claimed":false,"available":true,"time":0,"tasksSize":0,"tasks":[]}},{"questId":"f8eb98fb-6ff5-4439-81bd-02d863d98d59","questData":{"players":1,"rewards":[false],"completed":false,"claimed":false,"available":true,"time":0,"tasksSize":0,"tasks":[]}},{"questId":"352431b1-ffe5-4f88-b735-987d771ed192","questData":{"players":1,"rewards":[false],"completed":false,"claimed":false,"available":true,"time":0,"tasksSize":0,"tasks":[]}},{"questId":"979df712-8fcf-4f5f-9b8f-86d2bcd2e506","questData":{"players":1,"rewards":[false],"completed":false,"claimed":false,"available":true,"time":0,"tasksSize":0,"tasks":[]}},{"questId":"bf8a7e46-101e-4eaa-84aa-36f6c1f8ba62","questData":{"players":1,"rewards":[false],"completed":false,"claimed":false,"available":true,"time":0,"tasksSize":0,"tasks":[]}},{"questId":"5606b505-6402-4aac-ab74-11e8b4065334","questData":{"players":1,"rewards":[false],"completed":false,"claimed":false,"available":true,"time":0,"tasksSize":0,"tasks":[]}},{"questId":"cba52965-e3a9-4d7f-bd58-c81703762d1b","questData":{"players":1,"rewards":[false],"completed":false,"claimed":false,"available":true,"time":0,"tasksSize":0,"tasks":[]}},{"questId":"e7a0f910-2835-4cbd-a50d-c3284aefe505","questData":{"players":1,"rewards":[false],"completed":false,"claimed":false,"available":true,"time":0,"tasksSize":0,"tasks":[]}},{"questId":"fd9c1199-2dd9-43e9-b34f-0d7d3dc2d1a4","questData":{"players":1,"rewards":[false],"completed":false,"claimed":false,"available":true,"time":0,"tasksSize":0,"tasks":[]}},{"questId":"8291b20f-030b-4705-b00c-680844256740","questData":{"players":1,"rewards":[false],"completed":false,"claimed":false,"available":true,"time":0,"tasksSize":0,"tasks":[]}},{"questId":"be6949fb-54fc-4747-8042-71e6273b8ab3","questData":{"players":1,"rewards":[false],"completed":false,"claimed":false,"available":true,"time":0,"tasksSize":0,"tasks":[]}},{"questId":"be8668fe-92c9-4d43-8b05-194cdaa87c39","questData":{"players":1,"rewards":[false],"completed":false,"claimed":false,"available":true,"time":0,"tasksSize":0,"tasks":[]}},{"questId":"8caede60-cab0-4670-a5f3-f97e0cd12c25","questData":{"players":1,"rewards":[false],"completed":false,"claimed":false,"available":true,"time":0,"tasksSize":0,"tasks":[]}},{"questId":"519951bf-7787-4725-a7a4-10e1e4423ec2","questData":{"players":1,"rewards":[false],"completed":false,"claimed":false,"available":true,"time":0,"tasksSize":0,"tasks":[]}},{"questId":"c64d6ea0-881a-43b0-94c6-8a12b2787040","questData":{"players":1,"rewards":[false],"completed":false,"claimed":false,"available":true,"time":0,"tasksSize":0,"tasks":[]}},{"questId":"178de1d0-0b10-4518-a17c-4f7398c84fb1","questData":{"players":1,"rewards":[false],"completed":false,"claimed":false,"available":true,"time":0,"tasksSize":0,"tasks":[]}},{"questId":"6e7f73d8-9ec6-4c52-bdfa-5ba9ceada234","questData":{"players":1,"rewards":[false],"completed":false,"claimed":false,"available":true,"time":0,"tasksSize":0,"tasks":[]}},{"questId":"284854eb-8059-4e22-ac50-7007e467604f","questData":{"players":1,"rewards":[false],"completed":false,"claimed":false,"available":true,"time":0,"tasksSize":0,"tasks":[]}},{"questId":"5bde0d0a-9ebb-42f4-bb9e-6cacb7c0ae27","questData":{"players":1,"rewards":[false],"completed":false,"claimed":false,"available":true,"time":0,"tasksSize":0,"tasks":[]}},{"questId":"7c3eb460-1fd4-4d15-8a6b-851a7beb5880","questData":{"players":1,"rewards":[false],"completed":false,"claimed":false,"available":true,"time":0,"tasksSize":0,"tasks":[]}},{"questId":"8cc931c0-a25b-4040-8e7f-50836e2d1d30","questData":{"players":1,"rewards":[false],"completed":false,"claimed":false,"available":true,"time":0,"tasksSize":0,"tasks":[]}},{"questId":"dc649677-0668-4ef1-8ae5-789d9a2b7590","questData":{"players":1,"rewards":[false],"completed":false,"claimed":false,"available":true,"time":0,"tasksSize":0,"tasks":[]}},{"questId":"83d8a559-fe0b-4fc7-8b42-3a2928e0deb1","questData":{"players":1,"rewards":[false],"completed":false,"claimed":false,"available":true,"time":0,"tasksSize":0,"tasks":[]}},{"questId":"1f815d1e-f95f-4395-b169-6b7e453596bf","questData":{"players":1,"rewards":[false],"completed":false,"claimed":false,"available":true,"time":0,"tasksSize":0,"tasks":[]}},{"questId":"76c84d61-65f7-4bd6-80b0-7b6024a2d658","questData":{"players":1,"rewards":[false],"completed":false,"claimed":false,"available":true,"time":0,"tasksSize":0,"tasks":[]}},{"questId":"31ef4fee-9bc4-4c96-972d-8c5f4d8b64b9","questData":{"players":1,"rewards":[false],"completed":false,"claimed":false,"available":true,"time":0,"tasksSize":0,"tasks":[]}},{"questId":"2298fe74-2f6b-4104-9515-dde0ec63aceb","questData":{"players":1,"rewards":[false],"completed":false,"claimed":false,"available":true,"time":0,"tasksSize":0,"tasks":[]}},{"questId":"394b6453-9dcf-45d9-a879-380d5e608920","questData":{"players":1,"rewards":[false],"completed":false,"claimed":false,"available":true,"time":0,"tasksSize":0,"tasks":[]}},{"questId":"996330e4-837a-44af-8b9e-2bc11b7fda6e","questData":{"players":1,"rewards":[false],"completed":false,"claimed":false,"available":true,"time":0,"tasksSize":0,"tasks":[]}},{"questId":"16332704-7d54-45d2-9da4-982e7f3569e5","questData":{"players":1,"rewards":[false],"completed":false,"claimed":false,"available":true,"time":0,"tasksSize":0,"tasks":[]}},{"questId":"091e4fd1-3eee-4c06-a239-d68a79b25e14","questData":{"players":1,"rewards":[false],"completed":false,"claimed":false,"available":true,"time":0,"tasksSize":0,"tasks":[]}},{"questId":"da1cf876-62ec-4419-b3d0-464777ce1070","questData":{"players":1,"rewards":[false],"completed":false,"claimed":false,"available":true,"time":0,"tasksSize":0,"tasks":[]}},{"questId":"ec9e69b2-9231-431b-913b-7e7275b3a13d","questData":{"players":1,"rewards":[false],"completed":false,"claimed":false,"available":true,"time":0,"tasksSize":0,"tasks":[]}},{"questId":"eb497521-b836-4d85-8b7a-9c7d05984e0e","questData":{"players":1,"rewards":[false],"completed":false,"claimed":false,"available":true,"time":0,"tasksSize":0,"tasks":[]}},{"questId":"51da2a5a-9c64-4036-ab20-277b602e299b","questData":{"players":1,"rewards":[false],"completed":false,"claimed":false,"available":true,"time":0,"tasksSize":0,"tasks":[]}},{"questId":"e3eaf4fc-bdf8-4376-a6e1-614b376d796c","questData":{"players":1,"rewards":[false],"completed":false,"claimed":false,"available":true,"time":0,"tasksSize":0,"tasks":[]}},{"questId":"51bf26cd-fcdd-4025-b15a-4fd2f3a97cc3","questData":{"players":1,"rewards":[false],"completed":false,"claimed":false,"available":true,"time":0,"tasksSize":0,"tasks":[]}},{"questId":"1ffe025a-64c7-485b-984d-020160b81ced","questData":{"players":1,"rewards":[false],"completed":false,"claimed":false,"available":true,"time":0,"tasksSize":0,"tasks":[]}},{"questId":"fe922c2d-36da-4b2d-96f5-f6e3357c1b15","questData":{"players":1,"rewards":[false],"completed":false,"claimed":false,"available":true,"time":0,"tasksSize":1,"tasks":[{"type":"ITEMS","completed":false,"count":1,"progress":[0]}]}},{"questId":"bdc4e658-2528-434d-ab24-f2e941b393ce","questData":{"players":1,"rewards":[false],"completed":false,"claimed":false,"available":true,"time":0,"tasksSize":0,"tasks":[]}},{"questId":"3437b64a-8fdd-4094-b9e7-e3ecb307498e","questData":{"players":1,"rewards":[false],"completed":false,"claimed":false,"available":true,"time":0,"tasksSize":0,"tasks":[]}},{"questId":"6f40b287-619a-488d-9f55-fea31ac6b80d","questData":{"players":1,"rewards":[false],"completed":false,"claimed":false,"available":true,"time":0,"tasksSize":0,"tasks":[]}},{"questId":"a3446731-db5d-465a-8c4e-751d18ab63d3","questData":{"players":1,"rewards":[false],"completed":false,"claimed":false,"available":true,"time":0,"tasksSize":0,"tasks":[]}},{"questId":"e6b3fb5c-99a9-47c1-b8f6-6642982a27c8","questData":{"players":1,"rewards":[false],"completed":false,"claimed":false,"available":true,"time":0,"tasksSize":0,"tasks":[]}},{"questId":"68579d96-5b12-455f-89b9-bae179227467","questData":{"players":1,"rewards":[false],"completed":false,"claimed":false,"available":true,"time":0,"tasksSize":0,"tasks":[]}},{"questId":"4fe1d0f5-3128-488c-ac5f-00235f8df154","questData":{"players":1,"rewards":[false],"completed":false,"claimed":false,"available":true,"time":0,"tasksSize":0,"tasks":[]}},{"questId":"dccc7290-8c88-463c-8e6f-0b2e2c975b8f","questData":{"players":1,"rewards":[false],"completed":false,"claimed":false,"available":true,"time":0,"tasksSize":0,"tasks":[]}},{"questId":"2ab1d80d-7d93-48e7-9d26-e693e19026d3","questData":{"players":1,"rewards":[false],"completed":false,"claimed":false,"available":true,"time":0,"tasksSize":0,"tasks":[]}},{"questId":"ef6c0ea6-e6c7-4351-bfab-d80d682316e0","questData":{"players":1,"rewards":[false],"completed":false,"claimed":false,"available":true,"time":0,"tasksSize":0,"tasks":[]}},{"questId":"d166c831-2c82-4d57-9858-8c3c58d39da1","questData":{"players":1,"rewards":[false],"completed":false,"claimed":false,"available":true,"time":0,"tasksSize":0,"tasks":[]}},{"questId":"6652707d-49d5-4a21-ab71-af48e0ff70a9","questData":{"players":1,"rewards":[false],"completed":false,"claimed":false,"available":true,"time":0,"tasksSize":0,"tasks":[]}},{"questId":"fe32972c-84ec-4dcc-8c54-490719439690","questData":{"players":1,"rewards":[false],"completed":false,"claimed":false,"available":true,"time":0,"tasksSize":0,"tasks":[]}},{"questId":"bbc3179b-5e64-42df-b656-38655b661957","questData":{"players":1,"rewards":[false],"completed":false,"claimed":false,"available":true,"time":0,"tasksSize":0,"tasks":[]}},{"questId":"f3dd15a9-ac53-4ed8-96ba-eba30bf3fd05","questData":{"players":1,"rewards":[false],"completed":false,"claimed":false,"available":true,"time":0,"tasksSize":0,"tasks":[]}},{"questId":"c9e4f978-f1f0-4061-96ef-2e97f0583ab4","questData":{"players":1,"rewards":[false],"completed":false,"claimed":false,"available":true,"time":0,"tasksSize":0,"tasks":[]}},{"questId":"2be2822b-523f-443e-9da1-e79cc68c97cd","questData":{"players":1,"rewards":[false],"completed":false,"claimed":false,"available":true,"time":0,"tasksSize":0,"tasks":[]}},{"questId":"d2c4e057-6121-4f00-bea8-34fecbadeeb2","questData":{"players":1,"rewards":[false],"completed":false,"claimed":false,"available":true,"time":0,"tasksSize":0,"tasks":[]}},{"questId":"fd797a18-dde5-4c1a-8189-e9cd0f88f636","questData":{"players":1,"rewards":[false],"completed":false,"claimed":false,"available":true,"time":0,"tasksSize":0,"tasks":[]}},{"questId":"4d002cc1-a23a-4653-b1af-1941421a0831","questData":{"players":1,"rewards":[false],"completed":false,"claimed":false,"available":true,"time":0,"tasksSize":0,"tasks":[]}},{"questId":"77438ee2-130f-48ff-a510-04ec2d02fae1","questData":{"players":1,"rewards":[false],"completed":false,"claimed":false,"available":true,"time":0,"tasksSize":0,"tasks":[]}},{"questId":"663dea65-2ec6-46f8-8fed-f4e944ca3137","questData":{"players":1,"rewards":[false],"completed":false,"claimed":false,"available":true,"time":0,"tasksSize":0,"tasks":[]}},{"questId":"b21d7b91-7e19-48a8-be5d-07e47a934133","questData":{"players":1,"rewards":[false],"completed":false,"claimed":false,"available":true,"time":0,"tasksSize":0,"tasks":[]}},{"questId":"e9998006-2a2a-42b4-b841-f1f7b729e6fc","questData":{"players":1,"rewards":[false],"completed":false,"claimed":false,"available":true,"time":0,"tasksSize":0,"tasks":[]}},{"questId":"77a128b3-323d-4575-9eac-ac2cf12f7464","questData":{"players":1,"rewards":[false],"completed":false,"claimed":false,"available":true,"time":0,"tasksSize":0,"tasks":[]}},{"questId":"52cc67a9-2a11-4442-8de4-1107c5db6b57","questData":{"players":1,"rewards":[false],"completed":false,"claimed":false,"available":true,"time":0,"tasksSize":0,"tasks":[]}},{"questId":"f3567e25-8959-4668-9ce8-f336218626e8","questData":{"players":1,"rewards":[false],"completed":false,"claimed":false,"available":true,"time":0,"tasksSize":0,"tasks":[]}},{"questId":"dae8fddf-39f8-4878-b7e9-6ae25f6218ff","questData":{"players":1,"rewards":[false],"completed":false,"claimed":false,"available":true,"time":0,"tasksSize":0,"tasks":[]}},{"questId":"6ad8be1d-f0bf-4750-a1ea-0ca9fb0e8dcd","questData":{"players":1,"rewards":[false],"completed":false,"claimed":false,"available":true,"time":0,"tasksSize":0,"tasks":[]}},{"questId":"2242b8a9-b7e7-4520-ae20-6bb286be1e5a","questData":{"players":1,"rewards":[false],"completed":false,"claimed":false,"available":true,"time":0,"tasksSize":0,"tasks":[]}},{"questId":"8f6968e6-c174-4847-808b-2a06d20db38d","questData":{"players":1,"rewards":[false],"completed":false,"claimed":false,"available":true,"time":0,"tasksSize":0,"tasks":[]}},{"questId":"1a21f00e-bc00-4f0b-9bf4-892be48fe697","questData":{"players":1,"rewards":[false],"completed":false,"claimed":false,"available":true,"time":0,"tasksSize":0,"tasks":[]}},{"questId":"aee6d066-06f9-4909-b9d5-9589a04d72db","questData":{"players":1,"rewards":[false],"completed":false,"claimed":false,"available":true,"time":0,"tasksSize":0,"tasks":[]}},{"questId":"02eab0ea-082b-4ed4-89a7-8b675650d1c9","questData":{"players":1,"rewards":[false],"completed":false,"claimed":false,"available":true,"time":0,"tasksSize":0,"tasks":[]}},{"questId":"540aa2b0-b341-4ea2-9fa3-a0467a6f5bd3","questData":{"players":1,"rewards":[false],"completed":false,"claimed":false,"available":true,"time":0,"tasksSize":0,"tasks":[]}},{"questId":"a5162274-71d2-4cbf-a5ed-4575482f09d1","questData":{"players":1,"rewards":[false],"completed":false,"claimed":false,"available":true,"time":0,"tasksSize":0,"tasks":[]}},{"questId":"ddf0e12c-790d-47f4-a32b-f96bda07e853","questData":{"players":1,"rewards":[false],"completed":false,"claimed":false,"available":true,"time":0,"tasksSize":0,"tasks":[]}},{"questId":"989d4da5-fbb3-42f1-9f17-a19495b7fe9b","questData":{"players":1,"rewards":[false],"completed":false,"claimed":false,"available":true,"time":0,"tasksSize":0,"tasks":[]}},{"questId":"dac63cf1-cf93-461d-a767-60211c8b92a8","questData":{"players":1,"rewards":[false],"completed":false,"claimed":false,"available":true,"time":0,"tasksSize":0,"tasks":[]}},{"questId":"be861de0-03e8-4132-bb8d-105543b5c623","questData":{"players":1,"rewards":[false],"completed":false,"claimed":false,"available":true,"time":0,"tasksSize":0,"tasks":[]}},{"questId":"d564b786-cf97-4f52-9220-2e60198fdc23","questData":{"players":1,"rewards":[false],"completed":false,"claimed":false,"available":true,"time":0,"tasksSize":0,"tasks":[]}},{"questId":"f7ec299b-75db-4009-9d2d-229c6d4dbb96","questData":{"players":1,"rewards":[false],"completed":false,"claimed":false,"available":true,"time":0,"tasksSize":0,"tasks":[]}},{"questId":"ca07a882-f626-4d61-a600-ff6f8959a2fd","questData":{"players":1,"rewards":[false],"completed":false,"claimed":false,"available":true,"time":0,"tasksSize":0,"tasks":[]}},{"questId":"68c80b54-2267-46fd-a3df-c834027852f3","questData":{"players":1,"rewards":[false],"completed":false,"claimed":false,"available":true,"time":0,"tasksSize":0,"tasks":[]}},{"questId":"eaab2664-5e13-4998-a17a-3b760e1de870","questData":{"players":1,"rewards":[false],"completed":false,"claimed":false,"available":true,"time":0,"tasksSize":0,"tasks":[]}},{"questId":"1b0da4fe-28d1-49c3-889d-703e41e6de2e","questData":{"players":1,"rewards":[false],"completed":false,"claimed":false,"available":true,"time":0,"tasksSize":0,"tasks":[]}},{"questId":"6ed558f9-88ea-48f0-a8a8-0310cb4c8231","questData":{"players":1,"rewards":[false],"completed":false,"claimed":false,"available":true,"time":0,"tasksSize":0,"tasks":[]}},{"questId":"0453a128-d4aa-4ea0-89f0-c315d80769b4","questData":{"players":1,"rewards":[false],"completed":false,"claimed":false,"available":true,"time":0,"tasksSize":0,"tasks":[]}},{"questId":"5c9bde61-efcb-4704-a3a6-398e2073173e","questData":{"players":1,"rewards":[false],"completed":false,"claimed":false,"available":true,"time":0,"tasksSize":0,"tasks":[]}},{"questId":"7efe9a8d-0176-4062-be4d-958cb96698ca","questData":{"players":1,"rewards":[false],"completed":false,"claimed":false,"available":true,"time":0,"tasksSize":0,"tasks":[]}},{"questId":"1c1909cb-c2c6-4911-9b21-b9b967b6972d","questData":{"players":1,"rewards":[false],"completed":false,"claimed":false,"available":true,"time":0,"tasksSize":0,"tasks":[]}},{"questId":"f57a0232-f611-4ad9-ade6-8ca9500739dd","questData":{"players":1,"rewards":[false],"completed":false,"claimed":false,"available":true,"time":0,"tasksSize":0,"tasks":[]}},{"questId":"eea45aa9-7ee1-4178-888e-d14925142e4e","questData":{"players":1,"rewards":[false],"completed":false,"claimed":false,"available":true,"time":0,"tasksSize":0,"tasks":[]}},{"questId":"7b596b6d-6a80-4f48-a1e2-ce18cbe74e3a","questData":{"players":1,"rewards":[false],"completed":false,"claimed":false,"available":true,"time":0,"tasksSize":0,"tasks":[]}},{"questId":"a998d6d8-e6f9-4091-aeb8-180b845c2d8e","questData":{"players":1,"rewards":[false],"completed":false,"claimed":false,"available":true,"time":0,"tasksSize":0,"tasks":[]}},{"questId":"37b539f8-4480-4f8b-98fc-1889cb5bf96c","questData":{"players":1,"rewards":[false],"completed":false,"claimed":false,"available":true,"time":0,"tasksSize":0,"tasks":[]}},{"questId":"f518722a-aee6-44e4-8b22-11eeaf543bf6","questData":{"players":1,"rewards":[false],"completed":false,"claimed":false,"available":true,"time":0,"tasksSize":0,"tasks":[]}},{"questId":"654fd4d3-aef3-4022-96d1-c91a7f0b2a3a","questData":{"players":1,"rewards":[false],"completed":false,"claimed":false,"available":true,"time":0,"tasksSize":0,"tasks":[]}},{"questId":"69876db9-2e10-492e-bbbe-fcbe8d4e0b77","questData":{"players":1,"rewards":[false],"completed":false,"claimed":false,"available":true,"time":0,"tasksSize":0,"tasks":[]}},{"questId":"6cef5397-6be8-4243-966e-9b401f2d33cb","questData":{"players":1,"rewards":[false],"completed":false,"claimed":false,"available":true,"time":0,"tasksSize":1,"tasks":[{"type":"ITEMS","completed":false,"count":1,"progress":[0]}]}},{"questId":"ae676689-5208-4868-8c58-0bafa7774c83","questData":{"players":1,"rewards":[false],"completed":false,"claimed":false,"available":true,"time":0,"tasksSize":0,"tasks":[]}},{"questId":"416246ff-68a7-4b28-ad8b-98e3c4068950","questData":{"players":1,"rewards":[false],"completed":false,"claimed":false,"available":true,"time":0,"tasksSize":0,"tasks":[]}},{"questId":"f4a4f92d-f7d1-4f94-b7e8-b1a69d2cde10","questData":{"players":1,"rewards":[false],"completed":false,"claimed":false,"available":true,"time":0,"tasksSize":0,"tasks":[]}},{"questId":"5859fbda-05e8-477a-95ea-c91b2c72153a","questData":{"players":1,"rewards":[false],"completed":false,"claimed":false,"available":true,"time":0,"tasksSize":0,"tasks":[]}},{"questId":"c44da079-df32-4bcf-ab46-8d55ff567247","questData":{"players":1,"rewards":[false],"completed":false,"claimed":false,"available":true,"time":0,"tasksSize":0,"tasks":[]}},{"questId":"4271548e-778d-4393-8091-dec7a4ca0c32","questData":{"players":1,"rewards":[false],"completed":false,"claimed":false,"available":true,"time":0,"tasksSize":0,"tasks":[]}},{"questId":"085bef7a-c2b1-4dcf-8197-7314a9b3ff2d","questData":{"players":1,"rewards":[false],"completed":false,"claimed":false,"available":true,"time":0,"tasksSize":0,"tasks":[]}},{"questId":"3284ea3c-25a8-470e-908d-7e78ee114e3b","questData":{"players":1,"rewards":[false],"completed":false,"claimed":false,"available":true,"time":0,"tasksSize":0,"tasks":[]}},{"questId":"d6eefbde-2fbf-4c65-a830-2f94dbeeee55","questData":{"players":1,"rewards":[false],"completed":false,"claimed":false,"available":true,"time":0,"tasksSize":0,"tasks":[]}},{"questId":"6944d88b-65aa-4799-9378-6896afadd9d3","questData":{"players":1,"rewards":[false],"completed":false,"claimed":false,"available":true,"time":0,"tasksSize":0,"tasks":[]}},{"questId":"7075dceb-3a79-4fa2-9496-14dcbf02fd87","questData":{"players":1,"rewards":[false],"completed":false,"claimed":false,"available":true,"time":0,"tasksSize":0,"tasks":[]}},{"questId":"decd1eeb-52c5-4b29-aef3-3c30e39f691c","questData":{"players":1,"rewards":[false],"completed":false,"claimed":false,"available":true,"time":0,"tasksSize":2,"tasks":[{"type":"LOCATION","completed":false,"count":0,"visited":[]},{"type":"ITEMS","completed":false,"count":0,"progress":[]}]}},{"questId":"6bc23fc4-6f2d-4b40-9455-fe5c54b0551e","questData":{"players":1,"rewards":[false],"completed":false,"claimed":false,"available":true,"time":0,"tasksSize":0,"tasks":[]}},{"questId":"afe9a479-1152-41c8-8caa-3cedb1f37821","questData":{"players":1,"rewards":[false],"completed":false,"claimed":false,"available":true,"time":0,"tasksSize":1,"tasks":[{"type":"ITEMS","completed":false,"count":1,"progress":[0]}]}},{"questId":"133fcc15-2968-4f46-9d0d-249b485c8dbe","questData":{"players":1,"rewards":[false],"completed":false,"claimed":false,"available":true,"time":0,"tasksSize":0,"tasks":[]}},{"questId":"60999e26-c739-4d15-a282-1a611d979bbc","questData":{"players":1,"rewards":[false],"completed":false,"claimed":false,"available":true,"time":0,"tasksSize":0,"tasks":[]}},{"questId":"faf3ac2c-6bf2-4849-a943-39ba31754065","questData":{"players":1,"rewards":[false],"completed":false,"claimed":false,"available":true,"time":0,"tasksSize":0,"tasks":[]}},{"questId":"39dac034-f369-4657-b057-8900174cfdb6","questData":{"players":1,"rewards":[false],"completed":false,"claimed":false,"available":true,"time":0,"tasksSize":0,"tasks":[]}},{"questId":"138d0742-31db-48c4-9b10-62609fb33418","questData":{"players":1,"rewards":[false],"completed":false,"claimed":false,"available":true,"time":0,"tasksSize":0,"tasks":[]}},{"questId":"06efea34-d935-4aca-b91a-bd3e0d5b731a","questData":{"players":1,"rewards":[false],"completed":false,"claimed":false,"available":true,"time":0,"tasksSize":0,"tasks":[]}},{"questId":"52fa61ce-01ef-44ff-aee8-5376a4bbb5ca","questData":{"players":1,"rewards":[false],"completed":false,"claimed":false,"available":true,"time":0,"tasksSize":0,"tasks":[]}},{"questId":"2939e287-9aae-45ac-86c6-b472550c5bae","questData":{"players":1,"rewards":[false],"completed":false,"claimed":false,"available":true,"time":0,"tasksSize":0,"tasks":[]}},{"questId":"0dc8c206-7fab-4f52-9a83-bf189985a7af","questData":{"players":1,"rewards":[false],"completed":false,"claimed":false,"available":true,"time":0,"tasksSize":0,"tasks":[]}},{"questId":"dd84d5da-65a5-42f7-be1d-f9fab8089a80","questData":{"players":1,"rewards":[false],"completed":false,"claimed":false,"available":true,"time":0,"tasksSize":0,"tasks":[]}},{"questId":"90eea3cf-322d-42a1-92a4-c7c9dc229d1e","questData":{"players":1,"rewards":[false],"completed":false,"claimed":false,"available":true,"time":0,"tasksSize":0,"tasks":[]}},{"questId":"f0b04d2f-d06a-4d15-bbf5-b5e4a4776010","questData":{"players":1,"rewards":[false],"completed":false,"claimed":false,"available":true,"time":0,"tasksSize":0,"tasks":[]}},{"questId":"46b0061b-bfa7-4ebf-a931-c108544ece70","questData":{"players":1,"rewards":[false],"completed":false,"claimed":false,"available":true,"time":0,"tasksSize":0,"tasks":[]}},{"questId":"d27c5c50-4b34-49e8-9f89-df8e673deab1","questData":{"players":1,"rewards":[false],"completed":false,"claimed":false,"available":true,"time":0,"tasksSize":0,"tasks":[]}},{"questId":"8c46e646-4d10-46fe-b609-f8434ecddd9e","questData":{"players":1,"rewards":[false],"completed":false,"claimed":false,"available":true,"time":0,"tasksSize":0,"tasks":[]}},{"questId":"eae7931e-aa32-4dfe-92af-be4b784a170d","questData":{"players":1,"rewards":[false],"completed":false,"claimed":false,"available":true,"time":0,"tasksSize":0,"tasks":[]}},{"questId":"a2f64ecf-b1bd-4153-8131-283d92adcef7","questData":{"players":1,"rewards":[false],"completed":false,"claimed":false,"available":true,"time":0,"tasksSize":0,"tasks":[]}},{"questId":"3a8a71da-8827-4b91-94d9-5cb1692408ad","questData":{"players":1,"rewards":[false],"completed":false,"claimed":false,"available":true,"time":0,"tasksSize":0,"tasks":[]}},{"questId":"3e21d5f8-843f-4399-b671-6cf9c30b6655","questData":{"players":1,"rewards":[false],"completed":false,"claimed":false,"available":true,"time":0,"tasksSize":0,"tasks":[]}},{"questId":"6bb27a2c-897b-49be-897c-fcc9dfe23e39","questData":{"players":1,"rewards":[false],"completed":false,"claimed":false,"available":true,"time":0,"tasksSize":0,"tasks":[]}},{"questId":"3e34156a-3c02-4485-8866-37f1f3580ac0","questData":{"players":1,"rewards":[false],"completed":false,"claimed":false,"available":true,"time":0,"tasksSize":0,"tasks":[]}},{"questId":"baa6b72c-2171-416a-989a-cbfe1e51d8ce","questData":{"players":1,"rewards":[false],"completed":false,"claimed":false,"available":true,"time":0,"tasksSize":0,"tasks":[]}},{"questId":"22aa177b-8379-4244-b31c-48613975a96b","questData":{"players":1,"rewards":[false],"completed":false,"claimed":false,"available":true,"time":0,"tasksSize":0,"tasks":[]}},{"questId":"db65fe6c-bb6d-42aa-933f-3f949d26c8cd","questData":{"players":1,"rewards":[false],"completed":false,"claimed":false,"available":true,"time":0,"tasksSize":0,"tasks":[]}},{"questId":"0d4f147d-9eba-4b03-9a1f-3ecd78318425","questData":{"players":1,"rewards":[false],"completed":false,"claimed":false,"available":true,"time":0,"tasksSize":0,"tasks":[]}},{"questId":"1932bd3d-8a88-4d7a-834d-2784515042aa","questData":{"players":1,"rewards":[false],"completed":false,"claimed":false,"available":true,"time":0,"tasksSize":0,"tasks":[]}},{"questId":"f4164d57-b119-448f-a62a-8f49da97d4e7","questData":{"players":1,"rewards":[false],"completed":false,"claimed":false,"available":true,"time":0,"tasksSize":0,"tasks":[]}},{"questId":"243402e5-8c10-4e5d-85ec-d47930a6e7f8","questData":{"players":1,"rewards":[false],"completed":false,"claimed":false,"available":true,"time":0,"tasksSize":0,"tasks":[]}},{"questId":"8146ef78-b5c0-4886-8730-71aa27177fa8","questData":{"players":1,"rewards":[false],"completed":false,"claimed":false,"available":true,"time":0,"tasksSize":0,"tasks":[]}},{"questId":"3aa0108f-3927-4da5-9d32-eb94a710231d","questData":{"players":1,"rewards":[false],"completed":false,"claimed":false,"available":true,"time":0,"tasksSize":0,"tasks":[]}},{"questId":"e4d97fc5-fa2e-4a80-bbe1-dd3e394582ad","questData":{"players":1,"rewards":[false],"completed":false,"claimed":false,"available":true,"time":0,"tasksSize":0,"tasks":[]}},{"questId":"0a028d0b-ba49-41c2-a3f2-548cfdac3eb8","questData":{"players":1,"rewards":[false],"completed":false,"claimed":false,"available":true,"time":0,"tasksSize":0,"tasks":[]}},{"questId":"802d58c6-5abd-4ab9-af4a-a29be51eab82","questData":{"players":1,"rewards":[false],"completed":false,"claimed":false,"available":true,"time":0,"tasksSize":0,"tasks":[]}},{"questId":"6e12ca86-3f26-424e-bcf3-ac77504a8b0c","questData":{"players":1,"rewards":[false],"completed":false,"claimed":false,"available":true,"time":0,"tasksSize":0,"tasks":[]}},{"questId":"4d059c0c-c170-4b18-98c2-8aafee0610de","questData":{"players":1,"rewards":[false],"completed":false,"claimed":false,"available":true,"time":0,"tasksSize":0,"tasks":[]}},{"questId":"1cb4df69-8676-4434-86db-d0bf8da41f7c","questData":{"players":1,"rewards":[false],"completed":false,"claimed":false,"available":true,"time":0,"tasksSize":0,"tasks":[]}},{"questId":"4a5393b7-8273-4c7b-8dbb-b6630d7df47e","questData":{"players":1,"rewards":[false],"completed":false,"claimed":false,"available":true,"time":0,"tasksSize":0,"tasks":[]}},{"questId":"ac7f2f1d-68eb-44ef-95b9-4a12e5598cfc","questData":{"players":1,"rewards":[false],"completed":false,"claimed":false,"available":true,"time":0,"tasksSize":0,"tasks":[]}},{"questId":"2a75994d-9dc2-472d-88e1-56f366d25bac","questData":{"players":1,"rewards":[false],"completed":false,"claimed":false,"available":true,"time":0,"tasksSize":0,"tasks":[]}},{"questId":"0d50886c-e02e-4f9c-97ce-51ea7ae4ccf9","questData":{"players":1,"rewards":[false],"completed":false,"claimed":false,"available":true,"time":0,"tasksSize":0,"tasks":[]}},{"questId":"5d38a6c4-532d-4f6c-b96f-ccfcdab5722e","questData":{"players":1,"rewards":[false],"completed":false,"claimed":false,"available":true,"time":0,"tasksSize":0,"tasks":[]}}],"invites":[]},"selectedQuest":"3a8a71da-8827-4b91-94d9-5cb1692408ad","playedLore":false,"receivedBook":true,"groupData":{},"deaths":{"4fd9157d-96e5-4253-b259-ec1f6ed42de3":[0,0,0,0,0,0,0,0,0,0,0,0,0,0,0]}}]