{"name":"Machines!","quests":[{"uuid":"77438ee2-130f-48ff-a510-04ec2d02fae1","name":"Unnamed","x":18,"y":143,"icon":{"id":"advancedrocketry:rollingMachine"},"commandrewards":[]},{"uuid":"e9998006-2a2a-42b4-b841-f1f7b729e6fc","name":"Unnamed","x":48,"y":89,"icon":{"id":"libvulpes:productplate","damage":3},"commandrewards":[]},{"uuid":"52cc67a9-2a11-4442-8de4-1107c5db6b57","name":"Unnamed","x":18,"y":194,"icon":{"id":"advancedrocketry:precisionassemblingmachine"},"commandrewards":[]},{"uuid":"979df712-8fcf-4f5f-9b8f-86d2bcd2e506","name":"Unnamed","x":178,"y":37,"icon":{"id":"galacticraftcore:machine2"},"commandrewards":[]},{"uuid":"52c18354-6632-45bb-a5eb-d0e53e720da3","name":"Unnamed","x":18,"y":90,"icon":{"id":"advancedrocketry:lathe"},"commandrewards":[]},{"uuid":"f1e566df-3d2d-4ed7-a823-89c3aa483cf6","name":"Unnamed","x":101,"y":194,"icon":{"id":"advancedrocketry:ic","damage":3},"commandrewards":[]},{"uuid":"be8668fe-92c9-4d43-8b05-194cdaa87c39","name":"Unnamed","x":178,"y":116,"icon":{"id":"galacticraftcore:refinery"},"commandrewards":[]},{"uuid":"c2db1ea3-60ab-42eb-9e2e-c8c5c6d1cec5","name":"Unnamed","x":263,"y":38,"icon":{"id":"galacticraftcore:basic_item","damage":9},"commandrewards":[]},{"uuid":"71851956-ac98-4ab2-8bb0-c783c6aaeb5a","name":"Unnamed","x":178,"y":11,"icon":{"id":"galacticraftcore:machine2","damage":4},"commandrewards":[]},{"uuid":"1a21f00e-bc00-4f0b-9bf4-892be48fe697","name":"Unnamed","x":73,"y":194,"icon":{"id":"advancedrocketry:ic","damage":4},"commandrewards":[]},{"uuid":"c64d6ea0-881a-43b0-94c6-8a12b2787040","name":"Unnamed","x":178,"y":142,"commandrewards":[]},{"uuid":"284854eb-8059-4e22-ac50-7007e467604f","name":"Unnamed","x":178,"y":194,"commandrewards":[]},{"uuid":"02eab0ea-082b-4ed4-89a7-8b675650d1c9","name":"Unnamed","x":18,"y":63,"icon":{"id":"advancedrocketry:arcFurnace"},"commandrewards":[]},{"uuid":"688a51a6-0f24-4a0f-a2fb-a89b9405644e","name":"Unnamed","x":46,"y":195,"icon":{"id":"advancedrocketry:itemCircuitPlate"},"commandrewards":[]},{"uuid":"22aa177b-8379-4244-b31c-48613975a96b","name":"Unnamed","x":77,"y":64,"icon":{"id":"libvulpes:productingot","damage":6},"commandrewards":[]},{"uuid":"e6b3fb5c-99a9-47c1-b8f6-6642982a27c8","name":"Unnamed","x":107,"y":65,"icon":{"id":"libvulpes:productingot","damage":7},"commandrewards":[]},{"uuid":"a5162274-71d2-4cbf-a5ed-4575482f09d1","name":"Unnamed","x":47,"y":140,"icon":{"id":"libvulpes:productrod","damage":1},"commandrewards":[]},{"uuid":"fe32972c-84ec-4dcc-8c54-490719439690","name":"Unnamed","x":73,"y":168,"icon":{"id":"advancedrocketry:ic"},"commandrewards":[]},{"uuid":"8146ef78-b5c0-4886-8730-71aa27177fa8","name":"Unnamed","x":101,"y":168,"icon":{"id":"advancedrocketry:ic","damage":2},"commandrewards":[]},{"uuid":"d564b786-cf97-4f52-9220-2e60198fdc23","name":"Unnamed","x":73,"y":141,"icon":{"id":"libvulpes:productrod","damage":6},"commandrewards":[]},{"uuid":"3aa0108f-3927-4da5-9d32-eb94a710231d","name":"Unnamed","x":48,"y":114,"icon":{"id":"libvulpes:productboule","damage":3},"commandrewards":[]},{"uuid":"f7ec299b-75db-4009-9d2d-229c6d4dbb96","name":"Unnamed","x":206,"y":37,"icon":{"id":"galacticraftcore:basic_item","damage":11},"commandrewards":[]},{"uuid":"e4d97fc5-fa2e-4a80-bbe1-dd3e394582ad","name":"Unnamed","x":234,"y":38,"icon":{"id":"galacticraftcore:basic_item","damage":7},"commandrewards":[]},{"uuid":"7075dceb-3a79-4fa2-9496-14dcbf02fd87","name":"Unnamed","x":178,"y":90,"icon":{"id":"galacticraftcore:machine","damage":12},"commandrewards":[]},{"uuid":"1d21b2be-5a0d-409e-a08a-56fa6e8d6870","name":"Unnamed","x":18,"y":117,"icon":{"id":"advancedrocketry:crystallizer"},"commandrewards":[]},{"uuid":"d2c4e057-6121-4f00-bea8-34fecbadeeb2","name":"Unnamed","x":47,"y":167,"icon":{"id":"advancedrocketry:wafer"},"commandrewards":[]},{"uuid":"76c84d61-65f7-4bd6-80b0-7b6024a2d658","name":"Unnamed","x":18,"y":37,"icon":{"id":"libvulpes:holoProjector"},"commandrewards":[]},{"uuid":"31ef4fee-9bc4-4c96-972d-8c5f4d8b64b9","name":"Unnamed","x":48,"y":62,"icon":{"id":"libvulpes:productingot","damage":3},"commandrewards":[]},{"uuid":"717eade0-85db-4973-b5ec-ec85598eabdf","name":"Unnamed","x":18,"y":10,"icon":{"id":"advancedrocketry:platePress"},"commandrewards":[]},{"uuid":"4d059c0c-c170-4b18-98c2-8aafee0610de","name":"Unnamed","x":75,"y":114,"icon":{"id":"libvulpes:productcrystal"},"commandrewards":[]},{"uuid":"1b0da4fe-28d1-49c3-889d-703e41e6de2e","name":"Unnamed","x":178,"y":64,"icon":{"id":"galacticraftcore:collector"},"commandrewards":[]},{"uuid":"cd518e1f-8b99-4b95-9859-2f9b9d1d3bf2","name":"Unnamed","x":262,"y":10,"icon":{"id":"galacticraftcore:basic_item","damage":12},"commandrewards":[]},{"uuid":"7efe9a8d-0176-4062-be4d-958cb96698ca","name":"Unnamed","x":107,"y":90,"icon":{"id":"libvulpes:productplate","damage":7},"commandrewards":[]},{"uuid":"3fc64c54-d06d-492b-b89a-cde1b23e0597","name":"Unnamed","x":206,"y":10,"icon":{"id":"galacticraftcore:basic_item","damage":13},"commandrewards":[]},{"uuid":"d53f96b4-c08b-45d2-a82e-bee4930b4a2e","name":"Unnamed","x":234,"y":11,"icon":{"id":"galacticraftcore:basic_item","damage":14},"commandrewards":[]},{"uuid":"5d38a6c4-532d-4f6c-b96f-ccfcdab5722e","name":"Unnamed","x":102,"y":142,"icon":{"id":"libvulpes:productrod","damage":7},"commandrewards":[]},{"uuid":"06efea34-d935-4aca-b91a-bd3e0d5b731a","name":"Unnamed","x":74,"y":88,"icon":{"id":"libvulpes:productplate","damage":6},"commandrewards":[]},{"uuid":"03739188-83ad-49ed-9f70-d5faaa190164","name":"Unnamed","x":18,"y":169,"icon":{"id":"advancedrocketry:cuttingMachine"},"commandrewards":[]},{"uuid":"dd84d5da-65a5-42f7-be1d-f9fab8089a80","name":"Unnamed","x":179,"y":168,"commandrewards":[]}],"reputationBar":[]}