{"name":"Rockets","quests":[{"uuid":"37b539f8-4480-4f8b-98fc-1889cb5bf96c","name":"Unnamed","x":255,"y":141,"icon":{"id":"galacticraftplanets:rocket_t3"},"prerequisites":["d6eefbde-2fbf-4c65-a830-2f94dbeeee55"],"commandrewards":[]},{"uuid":"bf8a7e46-101e-4eaa-84aa-36f6c1f8ba62","name":"Unnamed","x":241,"y":172,"icon":{"id":"extraplanets:item_tier10_rocket"},"prerequisites":["d6eefbde-2fbf-4c65-a830-2f94dbeeee55"],"commandrewards":[]},{"uuid":"2a49788c-68aa-4101-afb8-cc37a960b024","name":"Unnamed","x":83,"y":144,"icon":{"id":"advancedrocketry:rocketmotor"},"prerequisites":["8c3002b5-8e37-4f07-81d2-52f922da1fb0"],"commandrewards":[]},{"uuid":"8c3002b5-8e37-4f07-81d2-52f922da1fb0","name":"Unnamed","x":82,"y":97,"icon":{"id":"advancedrocketry:rocketBuilder"},"prerequisites":["d001438b-9033-4aba-bf90-b3389e66a690"],"commandrewards":[]},{"uuid":"1ffe025a-64c7-485b-984d-020160b81ced","name":"Unnamed","x":237,"y":10,"icon":{"id":"galacticraftcore:bucket_oil"},"commandrewards":[]},{"uuid":"d9b641b8-c64b-4ac7-a997-9f34346e992b","name":"Unnamed","x":223,"y":142,"icon":{"id":"galacticraftplanets:rocket_t2"},"prerequisites":["d6eefbde-2fbf-4c65-a830-2f94dbeeee55"],"commandrewards":[]},{"uuid":"be6949fb-54fc-4747-8042-71e6273b8ab3","name":"Unnamed","x":175,"y":171,"icon":{"id":"extraplanets:item_tier8_rocket"},"prerequisites":["d6eefbde-2fbf-4c65-a830-2f94dbeeee55"],"commandrewards":[]},{"uuid":"33b7734a-1647-4ea3-8a3e-48a715201e30","name":"Unnamed","x":51,"y":46,"icon":{"id":"advancedrocketry:bucketHydrogen"},"prerequisites":["7c3eb460-1fd4-4d15-8a6b-851a7beb5880"],"commandrewards":[]},{"uuid":"8caede60-cab0-4670-a5f3-f97e0cd12c25","name":"Unnamed","x":83,"y":42,"icon":{"id":"advancedrocketry:chemicalReactor"},"prerequisites":["33b7734a-1647-4ea3-8a3e-48a715201e30","2be2822b-523f-443e-9da1-e79cc68c97cd"],"commandrewards":[]},{"uuid":"a07fd0a5-9a2c-4021-b462-a63396168e9c","name":"Unnamed","x":113,"y":143,"icon":{"id":"advancedrocketry:structureTower"},"prerequisites":["8c3002b5-8e37-4f07-81d2-52f922da1fb0"],"commandrewards":[]},{"uuid":"ae676689-5208-4868-8c58-0bafa7774c83","name":"Unnamed","x":269,"y":90,"icon":{"id":"galacticraftcore:fuel_loader"},"prerequisites":["8de990ea-95f5-4b61-aaca-4a0bb34afc98"],"commandrewards":[]},{"uuid":"416246ff-68a7-4b28-ad8b-98e3c4068950","name":"Unnamed","x":69,"y":168,"icon":{"id":"advancedrocketry:guidanceComputer"},"prerequisites":["8c3002b5-8e37-4f07-81d2-52f922da1fb0"],"commandrewards":[]},{"uuid":"8c46e646-4d10-46fe-b609-f8434ecddd9e","name":"Unnamed","x":285,"y":141,"icon":{"id":"extraplanets:item_tier4_rocket"},"prerequisites":["d6eefbde-2fbf-4c65-a830-2f94dbeeee55"],"commandrewards":[]},{"uuid":"eae7931e-aa32-4dfe-92af-be4b784a170d","name":"Unnamed","x":253,"y":63,"icon":{"id":"galacticraftcore:rocket_workbench"},"prerequisites":["8de990ea-95f5-4b61-aaca-4a0bb34afc98"],"commandrewards":[]},{"uuid":"7c3eb460-1fd4-4d15-8a6b-851a7beb5880","name":"Unnamed","x":82,"y":11,"icon":{"id":"advancedrocketry:electrolyser"},"commandrewards":[]},{"uuid":"5c410935-ee98-447d-8d40-9b03d26933d9","name":"Unnamed","x":68,"y":120,"icon":{"id":"advancedrocketry:monitoringStation"},"prerequisites":["8c3002b5-8e37-4f07-81d2-52f922da1fb0"],"commandrewards":[]},{"uuid":"baa6b72c-2171-416a-989a-cbfe1e51d8ce","name":"Unnamed","x":98,"y":167,"icon":{"id":"advancedrocketry:launchpad"},"prerequisites":["8c3002b5-8e37-4f07-81d2-52f922da1fb0"],"commandrewards":[]},{"uuid":"4fe1d0f5-3128-488c-ac5f-00235f8df154","name":"Unnamed","x":129,"y":167,"icon":{"id":"advancedrocketry:drill"},"prerequisites":["8c3002b5-8e37-4f07-81d2-52f922da1fb0"],"commandrewards":[]},{"uuid":"989d4da5-fbb3-42f1-9f17-a19495b7fe9b","name":"Unnamed","x":98,"y":119,"icon":{"id":"advancedrocketry:fuelingStation"},"prerequisites":["8c3002b5-8e37-4f07-81d2-52f922da1fb0"],"commandrewards":[]},{"uuid":"ef6c0ea6-e6c7-4351-bfab-d80d682316e0","name":"Unnamed","x":238,"y":89,"icon":{"id":"galacticraftcore:landing_pad"},"prerequisites":["8de990ea-95f5-4b61-aaca-4a0bb34afc98"],"commandrewards":[]},{"uuid":"6652707d-49d5-4a21-ab71-af48e0ff70a9","name":"Unnamed","x":194,"y":142,"icon":{"id":"extraplanets:item_tier5_rocket"},"prerequisites":["d6eefbde-2fbf-4c65-a830-2f94dbeeee55"],"commandrewards":[]},{"uuid":"3284ea3c-25a8-470e-908d-7e78ee114e3b","name":"Unnamed","x":221,"y":64,"icon":{"id":"galacticraftcore:fuel_canister_partial","damage":1},"prerequisites":["8de990ea-95f5-4b61-aaca-4a0bb34afc98"],"commandrewards":[]},{"uuid":"d6eefbde-2fbf-4c65-a830-2f94dbeeee55","name":"Unnamed","x":238,"y":118,"icon":{"id":"galacticraftcore:rocket_t1"},"prerequisites":["ef6c0ea6-e6c7-4351-bfab-d80d682316e0"],"commandrewards":[]},{"uuid":"c9e4f978-f1f0-4061-96ef-2e97f0583ab4","name":"Unnamed","x":208,"y":171,"icon":{"id":"extraplanets:item_tier6_rocket"},"prerequisites":["d6eefbde-2fbf-4c65-a830-2f94dbeeee55"],"commandrewards":[]},{"uuid":"2be2822b-523f-443e-9da1-e79cc68c97cd","name":"Unnamed","x":113,"y":46,"icon":{"id":"advancedrocketry:bucketOxygen"},"prerequisites":["7c3eb460-1fd4-4d15-8a6b-851a7beb5880"],"commandrewards":[]},{"uuid":"e98fb623-db76-47c4-a9d9-2f73d7ce6e5c","name":"Unnamed","x":304,"y":172,"icon":{"id":"extraplanets:item_tier9_rocket"},"prerequisites":["d6eefbde-2fbf-4c65-a830-2f94dbeeee55"],"commandrewards":[]},{"uuid":"8de990ea-95f5-4b61-aaca-4a0bb34afc98","name":"Unnamed","x":237,"y":37,"icon":{"id":"galacticraftcore:refinery"},"prerequisites":["1ffe025a-64c7-485b-984d-020160b81ced"],"commandrewards":[]},{"uuid":"5c9bde61-efcb-4704-a3a6-398e2073173e","name":"Unnamed","x":273,"y":172,"icon":{"id":"extraplanets:item_tier7_rocket"},"prerequisites":["d6eefbde-2fbf-4c65-a830-2f94dbeeee55"],"commandrewards":[]},{"uuid":"39dac034-f369-4657-b057-8900174cfdb6","name":"Unnamed","x":54,"y":144,"icon":{"id":"advancedrocketry:fuelTank"},"prerequisites":["8c3002b5-8e37-4f07-81d2-52f922da1fb0"],"commandrewards":[]},{"uuid":"d001438b-9033-4aba-bf90-b3389e66a690","name":"Unnamed","x":82,"y":70,"icon":{"id":"advancedrocketry:bucketRocketFuel"},"prerequisites":["8caede60-cab0-4670-a5f3-f97e0cd12c25"],"commandrewards":[]},{"uuid":"52fa61ce-01ef-44ff-aee8-5376a4bbb5ca","name":"Unnamed","x":208,"y":92,"icon":{"id":"galacticraftplanets:mars_machine","damage":8},"prerequisites":["8de990ea-95f5-4b61-aaca-4a0bb34afc98"],"commandrewards":[]},{"uuid":"84d7f3b5-f50c-4b3b-9c21-f97f3b3c8fd7","name":"Unnamed","x":40,"y":169,"icon":{"id":"advancedrocketry:seat"},"prerequisites":["8c3002b5-8e37-4f07-81d2-52f922da1fb0"],"commandrewards":[]}],"reputationBar":[]}