{"name":"Satellites","quests":[{"uuid":"bc316254-9b2c-4454-8bbd-ea0912e1acb5","name":"Unnamed","x":156,"y":125,"icon":{"id":"advancedrocketry:loader","damage":1},"prerequisites":["ddf0e12c-790d-47f4-a32b-f96bda07e853"],"commandrewards":[]},{"uuid":"654fd4d3-aef3-4022-96d1-c91a7f0b2a3a","name":"Unnamed","x":77,"y":81,"icon":{"id":"advancedrocketry:satellitePrimaryFunction","damage":3},"prerequisites":["0d4f147d-9eba-4b03-9a1f-3ecd78318425"],"commandrewards":[]},{"uuid":"18c630a6-13f9-41e9-b163-b1e392d32c1d","name":"Unnamed","x":199,"y":190,"icon":{"id":"advancedrocketry:planetAnalyser"},"prerequisites":["83601792-ec93-4f29-8814-2c5427532c96"],"commandrewards":[]},{"uuid":"8f6968e6-c174-4847-808b-2a06d20db38d","name":"Unnamed","x":156,"y":68,"icon":{"id":"advancedrocketry:satellitePrimaryFunction","damage":1},"prerequisites":["0d4f147d-9eba-4b03-9a1f-3ecd78318425"],"commandrewards":[]},{"uuid":"83601792-ec93-4f29-8814-2c5427532c96","name":"Unnamed","x":157,"y":154,"icon":{"id":"advancedrocketry:dataUnit"},"prerequisites":["3e21d5f8-843f-4399-b671-6cf9c30b6655"],"commandrewards":[]},{"uuid":"7f9a19b0-cb05-4232-9bac-f1848aac4b23","name":"Unnamed","x":120,"y":188,"icon":{"id":"advancedrocketry:satelliteControlCenter"},"prerequisites":["83601792-ec93-4f29-8814-2c5427532c96"],"commandrewards":[]},{"uuid":"f2f63801-22c7-470e-908f-ad32604c7b12","name":"Unnamed","x":157,"y":185,"icon":{"id":"advancedrocketry:asteroidChip"},"prerequisites":["83601792-ec93-4f29-8814-2c5427532c96"],"commandrewards":[]},{"uuid":"a3446731-db5d-465a-8c4e-751d18ab63d3","name":"Unnamed","x":111,"y":82,"icon":{"id":"advancedrocketry:satellitePrimaryFunction","damage":2},"prerequisites":["0d4f147d-9eba-4b03-9a1f-3ecd78318425"],"commandrewards":[]},{"uuid":"c44da079-df32-4bcf-ab46-8d55ff567247","name":"Unnamed","x":237,"y":80,"icon":{"id":"advancedrocketry:satellitePrimaryFunction","damage":4},"prerequisites":["0d4f147d-9eba-4b03-9a1f-3ecd78318425"],"commandrewards":[]},{"uuid":"3e21d5f8-843f-4399-b671-6cf9c30b6655","name":"Unnamed","x":157,"y":11,"icon":{"id":"advancedrocketry:satelliteBuilder"},"commandrewards":[]},{"uuid":"0d4f147d-9eba-4b03-9a1f-3ecd78318425","name":"Unnamed","x":156,"y":40,"icon":{"id":"advancedrocketry:satelliteIdChip"},"prerequisites":["3e21d5f8-843f-4399-b671-6cf9c30b6655"],"commandrewards":[]},{"uuid":"38ee9bb1-ab4d-40ac-af07-3de32afd7b35","name":"Unnamed","x":202,"y":80,"icon":{"id":"advancedrocketry:satellitePrimaryFunction"},"prerequisites":["0d4f147d-9eba-4b03-9a1f-3ecd78318425"],"commandrewards":[]},{"uuid":"ddf0e12c-790d-47f4-a32b-f96bda07e853","name":"Unnamed","x":156,"y":97,"icon":{"id":"advancedrocketry:satellite"},"prerequisites":["38ee9bb1-ab4d-40ac-af07-3de32afd7b35","a3446731-db5d-465a-8c4e-751d18ab63d3"],"commandrewards":[]}],"reputationBar":[]}