{"name":"Space Stations","quests":[{"uuid":"d27c5c50-4b34-49e8-9f89-df8e673deab1","name":"Unnamed","x":279,"y":122,"prerequisites":["b0070473-8a34-478a-b1da-5c920e3426ed"],"commandrewards":[]},{"uuid":"cba52965-e3a9-4d7f-bd58-c81703762d1b","name":"Unnamed","x":188,"y":183,"icon":{"id":"advancedrocketry:spaceLeggings"},"commandrewards":[]},{"uuid":"f3567e25-8959-4668-9ce8-f336218626e8","name":"Unnamed","x":223,"y":186,"icon":{"id":"advancedrocketry:spaceBoots"},"commandrewards":[]},{"uuid":"46c0f13a-9092-4e64-94e2-d3f66b911771","name":"Unnamed","x":197,"y":89,"icon":{"id":"galacticraftcore:basic_item","damage":4},"prerequisites":["b0070473-8a34-478a-b1da-5c920e3426ed"],"commandrewards":[]},{"uuid":"f4a4f92d-f7d1-4f94-b7e8-b1a69d2cde10","name":"Unnamed","x":41,"y":125,"icon":{"id":"advancedrocketry:gravityController"},"prerequisites":["519951bf-7787-4725-a7a4-10e1e4423ec2"],"commandrewards":[]},{"uuid":"74ed3ccc-5b75-4ad9-8ae7-27fbe544748e","name":"Unnamed","x":100,"y":186,"icon":{"id":"advancedrocketry:spaceHelmet"},"commandrewards":[]},{"uuid":"519951bf-7787-4725-a7a4-10e1e4423ec2","name":"Unnamed","x":75,"y":87,"icon":{"id":"advancedrocketry:spaceStation"},"prerequisites":["0a028d0b-ba49-41c2-a3f2-548cfdac3eb8"],"commandrewards":[]},{"uuid":"6860df8c-9db7-4294-aedd-295b0ffa7b72","name":"Unnamed","x":75,"y":124,"icon":{"id":"advancedrocketry:spaceLaser"},"prerequisites":["519951bf-7787-4725-a7a4-10e1e4423ec2"],"commandrewards":[]},{"uuid":"5bde0d0a-9ebb-42f4-bb9e-6cacb7c0ae27","name":"Unnamed","x":76,"y":22,"icon":{"id":"advancedrocketry:spaceStationChip"},"commandrewards":[]},{"uuid":"9c59a914-17c7-4eeb-b7a5-5764cb6bdfb6","name":"Unnamed","x":240,"y":124,"prerequisites":["b0070473-8a34-478a-b1da-5c920e3426ed"],"commandrewards":[]},{"uuid":"c969be84-8f9a-4f72-80a3-53c65138245b","name":"Unnamed","x":127,"y":183,"icon":{"id":"advancedrocketry:spaceChestplate"},"commandrewards":[]},{"uuid":"9f8fa3f6-d129-4994-9fa4-5b338c5f095a","name":"Unnamed","x":158,"y":15,"icon":{"id":"advancedrocketry:oxygenVent"},"commandrewards":[]},{"uuid":"ba1cd5d8-27f0-47a1-99dc-171a76ae52f1","name":"Unnamed","x":108,"y":125,"icon":{"id":"advancedrocketry:altitudeController"},"prerequisites":["519951bf-7787-4725-a7a4-10e1e4423ec2"],"commandrewards":[]},{"uuid":"f4164d57-b119-448f-a62a-8f49da97d4e7","name":"Unnamed","x":238,"y":18,"commandrewards":[]},{"uuid":"b5204b66-9b45-483c-98cf-da6ab68e49df","name":"Unnamed","x":158,"y":112,"icon":{"id":"advancedrocketry:orientationController"},"commandrewards":[]},{"uuid":"6944d88b-65aa-4799-9378-6896afadd9d3","name":"Unnamed","x":40,"y":88,"icon":{"id":"advancedrocketry:landingPad"},"prerequisites":["519951bf-7787-4725-a7a4-10e1e4423ec2"],"commandrewards":[]},{"uuid":"87b354c3-aa0e-4f7d-9a37-0348dd3e4350","name":"Unnamed","x":76,"y":159,"icon":{"id":"advancedrocketry:deployableRocketBuilder"},"prerequisites":["519951bf-7787-4725-a7a4-10e1e4423ec2"],"commandrewards":[]},{"uuid":"e50be430-7cc7-44a7-8abb-33916207c2bb","name":"Unnamed","x":158,"y":44,"icon":{"id":"advancedrocketry:oxygenScrubber"},"commandrewards":[]},{"uuid":"b0070473-8a34-478a-b1da-5c920e3426ed","name":"Unnamed","x":240,"y":89,"icon":{"id":"galacticraftcore:basic_item","damage":14},"prerequisites":["da1cf876-62ec-4419-b3d0-464777ce1070"],"commandrewards":[]},{"uuid":"0a028d0b-ba49-41c2-a3f2-548cfdac3eb8","name":"Unnamed","x":76,"y":54,"icon":{"id":"advancedrocketry:stationBuilder"},"prerequisites":["5bde0d0a-9ebb-42f4-bb9e-6cacb7c0ae27"],"commandrewards":[]},{"uuid":"a5f3f0f5-f5ae-4e9b-b256-90250bd8febf","name":"Unnamed","x":285,"y":88,"icon":{"id":"galacticraftcore:basic_item","damage":5},"prerequisites":["b0070473-8a34-478a-b1da-5c920e3426ed"],"commandrewards":[]},{"uuid":"eaab2664-5e13-4998-a17a-3b760e1de870","name":"Unnamed","x":204,"y":125,"prerequisites":["b0070473-8a34-478a-b1da-5c920e3426ed"],"commandrewards":[]},{"uuid":"7e0940ec-de86-4148-b41a-bef3e08d504d","name":"Unnamed","x":109,"y":87,"icon":{"id":"advancedrocketry:stationMarker"},"prerequisites":["519951bf-7787-4725-a7a4-10e1e4423ec2"],"commandrewards":[]},{"uuid":"3573104a-4d68-485e-8205-c933312d65c5","name":"Unnamed","x":157,"y":143,"icon":{"id":"advancedrocketry:suitWorkStation"},"commandrewards":[]},{"uuid":"274c06fe-fa08-4203-9ef8-35af62cc60f4","name":"Unnamed","x":240,"y":159,"icon":{"id":"galacticraftcore:spin_thruster"},"prerequisites":["b0070473-8a34-478a-b1da-5c920e3426ed"],"commandrewards":[]},{"uuid":"616895c9-9231-46ea-9dce-bcf70e520649","name":"Unnamed","x":157,"y":182,"icon":{"id":"advancedrocketry:oxygenCharger"},"commandrewards":[]},{"uuid":"da1cf876-62ec-4419-b3d0-464777ce1070","name":"Unnamed","x":238,"y":54,"icon":{"id":"minecraft:iron_ingot"},"prerequisites":["f4164d57-b119-448f-a62a-8f49da97d4e7"],"commandrewards":[]},{"uuid":"cb2b4e0d-e89f-4acf-a7ec-ccb728393de9","name":"Unnamed","x":157,"y":77,"icon":{"id":"advancedrocketry:carbonScrubberCartridge"},"commandrewards":[]}],"reputationBar":[]}