{"name":"Space Exploration","quests":[{"uuid":"663dea65-2ec6-46f8-8fed-f4e944ca3137","name":"Unnamed","x":235,"y":11,"icon":{"id":"extraplanets:titan"},"prerequisites":["1df3db5d-87de-4260-a70e-24a753cacc59"],"commandrewards":[]},{"uuid":"b21d7b91-7e19-48a8-be5d-07e47a934133","name":"Unnamed","x":265,"y":11,"icon":{"id":"extraplanets:iapetus"},"prerequisites":["1df3db5d-87de-4260-a70e-24a753cacc59"],"commandrewards":[]},{"uuid":"352431b1-ffe5-4f88-b735-987d771ed192","name":"Unnamed","x":22,"y":67,"icon":{"id":"galacticraftplanets:venus","damage":1},"commandrewards":[]},{"uuid":"5606b505-6402-4aac-ab74-11e8b4065334","name":"Unnamed","x":111,"y":187,"icon":{"id":"extraplanets:schematic_tier5"},"commandrewards":[]},{"uuid":"7afd624c-adea-4d0b-be11-94fde5e6a444","name":"Unnamed","x":80,"y":187,"icon":{"id":"extraplanets:schematic_tier4"},"commandrewards":[]},{"uuid":"dae8fddf-39f8-4878-b7e9-6ae25f6218ff","name":"Unnamed","x":81,"y":154,"icon":{"id":"extraplanets:europa"},"prerequisites":["3608e607-4ebc-4052-bff4-c57801418213"],"commandrewards":[]},{"uuid":"468c400a-7371-4426-a155-b3b66426ccdc","name":"Unnamed","x":235,"y":39,"icon":{"id":"extraplanets:titania"},"prerequisites":["138d0742-31db-48c4-9b10-62609fb33418"],"commandrewards":[]},{"uuid":"bdc4e658-2528-434d-ab24-f2e941b393ce","name":"Unnamed","x":21,"y":186,"icon":{"id":"galacticraftcore:schematic","damage":1},"commandrewards":[]},{"uuid":"1848ed12-2bc9-4978-af19-0dc792132644","name":"Unnamed","x":260,"y":187,"icon":{"id":"extraplanets:schematic_tier10"},"commandrewards":[]},{"uuid":"3608e607-4ebc-4052-bff4-c57801418213","name":"Unnamed","x":22,"y":153,"icon":{"id":"extraplanets:jupiter"},"commandrewards":[]},{"uuid":"52293e93-dce1-4b71-a515-3efb2efb6d06","name":"Unnamed","x":177,"y":69,"icon":{"id":"extraplanets:neptune"},"commandrewards":[]},{"uuid":"5859fbda-05e8-477a-95ea-c91b2c72153a","name":"Unnamed","x":207,"y":69,"icon":{"id":"extraplanets:triton"},"prerequisites":["52293e93-dce1-4b71-a515-3efb2efb6d06"],"commandrewards":[]},{"uuid":"6bb27a2c-897b-49be-897c-fcc9dfe23e39","name":"Unnamed","x":53,"y":40,"icon":{"id":"extraplanets:phobos"},"prerequisites":["9e0eeac2-8049-40b0-b1db-847445a03b84"],"commandrewards":[]},{"uuid":"3e34156a-3c02-4485-8866-37f1f3580ac0","name":"Unnamed","x":175,"y":187,"icon":{"id":"extraplanets:schematic_tier7"},"commandrewards":[]},{"uuid":"d8b98a7a-019f-4b7d-a284-d1566694f58c","name":"Unnamed","x":179,"y":151,"icon":{"id":"extraplanets:kepler22b"},"commandrewards":[]},{"uuid":"d166c831-2c82-4d57-9858-8c3c58d39da1","name":"Unnamed","x":233,"y":186,"icon":{"id":"extraplanets:schematic_tier9"},"commandrewards":[]},{"uuid":"83d8a559-fe0b-4fc7-8b42-3a2928e0deb1","name":"Unnamed","x":141,"y":187,"icon":{"id":"extraplanets:schematic_tier6"},"commandrewards":[]},{"uuid":"9e0eeac2-8049-40b0-b1db-847445a03b84","name":"Unnamed","x":22,"y":39,"icon":{"id":"galacticraftplanets:mars","damage":5},"commandrewards":[]},{"uuid":"e669e40e-6f66-47bc-b3a1-1109eb909895","name":"Unnamed","x":204,"y":186,"icon":{"id":"extraplanets:schematic_tier8"},"commandrewards":[]},{"uuid":"1df3db5d-87de-4260-a70e-24a753cacc59","name":"Unnamed","x":177,"y":11,"icon":{"id":"extraplanets:saturn"},"commandrewards":[]},{"uuid":"802d58c6-5abd-4ab9-af4a-a29be51eab82","name":"Unnamed","x":178,"y":97,"icon":{"id":"extraplanets:pluto"},"commandrewards":[]},{"uuid":"decd1eeb-52c5-4b29-aef3-3c30e39f691c","name":"Unnamed","x":22,"y":11,"icon":{"id":"galacticraftcore:basic_block_moon","damage":5},"tasks":[{"type":"LOCATION","locations":[]},{"type":"DETECT","items":[]}],"commandrewards":[]},{"uuid":"6e12ca86-3f26-424e-bcf3-ac77504a8b0c","name":"Unnamed","x":139,"y":154,"icon":{"id":"extraplanets:callisto"},"prerequisites":["3608e607-4ebc-4052-bff4-c57801418213"],"commandrewards":[]},{"uuid":"acde1704-8e48-456b-89e3-c38923371c12","name":"Unnamed","x":22,"y":125,"icon":{"id":"extraplanets:ceres"},"commandrewards":[]},{"uuid":"152407ea-0c7c-4917-839a-972f9bc9c09e","name":"Unnamed","x":83,"y":40,"icon":{"id":"extraplanets:deimos"},"prerequisites":["6bb27a2c-897b-49be-897c-fcc9dfe23e39"],"commandrewards":[]},{"uuid":"394b6453-9dcf-45d9-a879-380d5e608920","name":"Unnamed","x":50,"y":187,"icon":{"id":"galacticraftplanets:schematic"},"commandrewards":[]},{"uuid":"ac7f2f1d-68eb-44ef-95b9-4a12e5598cfc","name":"Unnamed","x":111,"y":154,"icon":{"id":"extraplanets:ganymede"},"prerequisites":["3608e607-4ebc-4052-bff4-c57801418213"],"commandrewards":[]},{"uuid":"2a75994d-9dc2-472d-88e1-56f366d25bac","name":"Unnamed","x":22,"y":97,"icon":{"id":"extraplanets:mercury"},"commandrewards":[]},{"uuid":"60999e26-c739-4d15-a282-1a611d979bbc","name":"Unnamed","x":178,"y":124,"icon":{"id":"extraplanets:eris"},"commandrewards":[]},{"uuid":"fd797a18-dde5-4c1a-8189-e9cd0f88f636","name":"Unnamed","x":206,"y":39,"icon":{"id":"extraplanets:oberon"},"prerequisites":["138d0742-31db-48c4-9b10-62609fb33418"],"commandrewards":[]},{"uuid":"138d0742-31db-48c4-9b10-62609fb33418","name":"Unnamed","x":177,"y":40,"icon":{"id":"extraplanets:uranus"},"commandrewards":[]},{"uuid":"f57a0232-f611-4ad9-ade6-8ca9500739dd","name":"Unnamed","x":51,"y":154,"icon":{"id":"extraplanets:io"},"prerequisites":["3608e607-4ebc-4052-bff4-c57801418213"],"commandrewards":[]},{"uuid":"e7c3b788-43de-4ff6-aea3-23326d5e62b6","name":"Unnamed","x":205,"y":11,"icon":{"id":"extraplanets:rhea"},"prerequisites":["1df3db5d-87de-4260-a70e-24a753cacc59"],"commandrewards":[]},{"uuid":"eb497521-b836-4d85-8b7a-9c7d05984e0e","name":"Unnamed","x":292,"y":186,"icon":{"id":"galacticraftplanets:schematic","damage":1},"commandrewards":[]}],"reputationBar":[]}