[{"uuid":"4fd9157d-96e5-4253-b259-ec1f6ed42de3","name":"knoxhack","lives":3,"team":{"id":-1,"lifeSetting":"SHARE","rewardSetting":"ALL","players":[{"uuid":"4fd9157d-96e5-4253-b259-ec1f6ed42de3","owner":true,"bookOpen":true,"inTeam":true}],"reputations":[],"questDataList":[{"questId":"90eea3cf-322d-42a1-92a4-c7c9dc229d1e","questData":{"players":1,"rewards":[false],"completed":false,"claimed":false,"available":true,"time":0,"tasksSize":0,"tasks":[]}},{"questId":"f0b04d2f-d06a-4d15-bbf5-b5e4a4776010","questData":{"players":1,"rewards":[false],"completed":false,"claimed":false,"available":true,"time":0,"tasksSize":0,"tasks":[]}},{"questId":"77a128b3-323d-4575-9eac-ac2cf12f7464","questData":{"players":1,"rewards":[false],"completed":false,"claimed":false,"available":true,"time":0,"tasksSize":0,"tasks":[]}},{"questId":"e3eaf4fc-bdf8-4376-a6e1-614b376d796c","questData":{"players":1,"rewards":[false],"completed":false,"claimed":false,"available":true,"time":0,"tasksSize":0,"tasks":[]}},{"questId":"9d20cc22-450a-4ac3-b25c-a03ee086312d","questData":{"players":1,"rewards":[false],"completed":false,"claimed":false,"available":true,"time":0,"tasksSize":0,"tasks":[]}},{"questId":"0cd39a79-d638-4364-ab7a-ecd299d094e3","questData":{"players":1,"rewards":[false],"completed":false,"claimed":false,"available":true,"time":0,"tasksSize":0,"tasks":[]}},{"questId":"33b7734a-1647-4ea3-8a3e-48a715201e30","questData":{"players":1,"rewards":[false],"completed":false,"claimed":false,"available":true,"time":0,"tasksSize":0,"tasks":[]}},{"questId":"3437b64a-8fdd-4094-b9e7-e3ecb307498e","questData":{"players":1,"rewards":[false],"completed":false,"claimed":false,"available":true,"time":0,"tasksSize":0,"tasks":[]}},{"questId":"6f40b287-619a-488d-9f55-fea31ac6b80d","questData":{"players":1,"rewards":[false],"completed":false,"claimed":false,"available":true,"time":0,"tasksSize":0,"tasks":[]}},{"questId":"178de1d0-0b10-4518-a17c-4f7398c84fb1","questData":{"players":1,"rewards":[false],"completed":false,"claimed":false,"available":true,"time":0,"tasksSize":0,"tasks":[]}},{"questId":"6e7f73d8-9ec6-4c52-bdfa-5ba9ceada234","questData":{"players":1,"rewards":[false],"completed":false,"claimed":false,"available":true,"time":0,"tasksSize":0,"tasks":[]}},{"questId":"aee6d066-06f9-4909-b9d5-9589a04d72db","questData":{"players":1,"rewards":[false],"completed":false,"claimed":false,"available":true,"time":0,"tasksSize":0,"tasks":[]}},{"questId":"540aa2b0-b341-4ea2-9fa3-a0467a6f5bd3","questData":{"players":1,"rewards":[false],"completed":false,"claimed":false,"available":true,"time":0,"tasksSize":0,"tasks":[]}},{"questId":"8cc931c0-a25b-4040-8e7f-50836e2d1d30","questData":{"players":1,"rewards":[false],"completed":false,"claimed":false,"available":true,"time":0,"tasksSize":0,"tasks":[]}},{"questId":"085bef7a-c2b1-4dcf-8197-7314a9b3ff2d","questData":{"players":1,"rewards":[false],"completed":false,"claimed":false,"available":true,"time":0,"tasksSize":0,"tasks":[]}},{"questId":"42bc0168-858d-4ef4-925f-d7a1c0cf2a0e","questData":{"players":1,"rewards":[false],"completed":false,"claimed":false,"available":true,"time":0,"tasksSize":0,"tasks":[]}},{"questId":"1932bd3d-8a88-4d7a-834d-2784515042aa","questData":{"players":1,"rewards":[false],"completed":false,"claimed":false,"available":true,"time":0,"tasksSize":0,"tasks":[]}},{"questId":"2297ba75-f4ee-4469-8948-81510699976e","questData":{"players":1,"rewards":[false],"completed":false,"claimed":false,"available":true,"time":0,"tasksSize":0,"tasks":[]}},{"questId":"dac63cf1-cf93-461d-a767-60211c8b92a8","questData":{"players":1,"rewards":[false],"completed":false,"claimed":false,"available":true,"time":0,"tasksSize":0,"tasks":[]}},{"questId":"be861de0-03e8-4132-bb8d-105543b5c623","questData":{"players":1,"rewards":[false],"completed":false,"claimed":false,"available":true,"time":0,"tasksSize":0,"tasks":[]}},{"questId":"243402e5-8c10-4e5d-85ec-d47930a6e7f8","questData":{"players":1,"rewards":[false],"completed":false,"claimed":false,"available":true,"time":0,"tasksSize":0,"tasks":[]}},{"questId":"1f815d1e-f95f-4395-b169-6b7e453596bf","questData":{"players":1,"rewards":[false],"completed":false,"claimed":false,"available":true,"time":0,"tasksSize":0,"tasks":[]}},{"questId":"07aae919-ee95-420a-87ee-2b8f1a432ce1","questData":{"players":1,"rewards":[false],"completed":false,"claimed":false,"available":true,"time":0,"tasksSize":0,"tasks":[]}},{"questId":"68c80b54-2267-46fd-a3df-c834027852f3","questData":{"players":1,"rewards":[false],"completed":false,"claimed":false,"available":true,"time":0,"tasksSize":0,"tasks":[]}},{"questId":"557a902b-94d8-4afd-9038-4df82a688a7a","questData":{"players":1,"rewards":[false],"completed":false,"claimed":false,"available":true,"time":0,"tasksSize":0,"tasks":[]}},{"questId":"15c36f7c-3f43-441c-bcdc-dd9f308b4504","questData":{"players":1,"rewards":[false],"completed":false,"claimed":false,"available":true,"time":0,"tasksSize":0,"tasks":[]}},{"questId":"6ed558f9-88ea-48f0-a8a8-0310cb4c8231","questData":{"players":1,"rewards":[false],"completed":false,"claimed":false,"available":true,"time":0,"tasksSize":0,"tasks":[]}},{"questId":"133fcc15-2968-4f46-9d0d-249b485c8dbe","questData":{"players":1,"rewards":[false],"completed":false,"claimed":false,"available":true,"time":0,"tasksSize":0,"tasks":[]}},{"questId":"284f24d9-6e91-4c69-bc5e-5c81c9ee138f","questData":{"players":1,"rewards":[false],"completed":false,"claimed":false,"available":true,"time":0,"tasksSize":0,"tasks":[]}},{"questId":"faf3ac2c-6bf2-4849-a943-39ba31754065","questData":{"players":1,"rewards":[false],"completed":false,"claimed":false,"available":true,"time":0,"tasksSize":0,"tasks":[]}},{"questId":"71611872-5dad-4a08-8657-387b07591238","questData":{"players":1,"rewards":[false],"completed":false,"claimed":false,"available":true,"time":0,"tasksSize":0,"tasks":[]}},{"questId":"0d50886c-e02e-4f9c-97ce-51ea7ae4ccf9","questData":{"players":1,"rewards":[false],"completed":false,"claimed":false,"available":true,"time":0,"tasksSize":0,"tasks":[]}},{"questId":"0dc8c206-7fab-4f52-9a83-bf189985a7af","questData":{"players":1,"rewards":[false],"completed":false,"claimed":false,"available":true,"time":0,"tasksSize":0,"tasks":[]}}],"invites":[]},"selectedQuest":"decd1eeb-52c5-4b29-aef3-3c30e39f691c","playedLore":false,"receivedBook":true,"groupData":{},"deaths":{"4fd9157d-96e5-4253-b259-ec1f6ed42de3":[0,0,0,0,0,0,0,0,0,0,0,0,0,0,0]}}]