{"name":"Getting Started","quests":[{"uuid":"9d20cc22-450a-4ac3-b25c-a03ee086312d","name":"Unnamed","x":175,"y":31,"icon":{"id":"minecraft:log"},"prerequisites":["be861de0-03e8-4132-bb8d-105543b5c623"],"commandrewards":[]},{"uuid":"fe922c2d-36da-4b2d-96f5-f6e3357c1b15","name":"Unnamed","x":236,"y":91,"icon":{"id":"thermalfoundation:ore"},"prerequisites":["2297ba75-f4ee-4469-8948-81510699976e"],"commandrewards":[]},{"uuid":"853ab4c9-1f9c-49bd-a41e-63d68553c87e","name":"Unnamed","x":258,"y":166,"icon":{"id":"tp:obsidian_sword"},"prerequisites":["1932bd3d-8a88-4d7a-834d-2784515042aa"],"commandrewards":[]},{"uuid":"a867cf2f-f8b7-4346-8dd6-65f5aba0bdc5","name":"Unnamed","x":298,"y":196,"icon":{"id":"extrautils2:lawsword"},"prerequisites":["1932bd3d-8a88-4d7a-834d-2784515042aa"],"commandrewards":[]},{"uuid":"6cef5397-6be8-4243-966e-9b401f2d33cb","name":"Unnamed","x":210,"y":91,"icon":{"id":"minecraft:iron_ore"},"prerequisites":["2297ba75-f4ee-4469-8948-81510699976e"],"commandrewards":[]},{"uuid":"4271548e-778d-4393-8091-dec7a4ca0c32","name":"Unnamed","x":20,"y":193,"icon":{"id":"galacticraftplanets:titanium_chestplate"},"prerequisites":["aee6d066-06f9-4909-b9d5-9589a04d72db"],"commandrewards":[]},{"uuid":"68579d96-5b12-455f-89b9-bae179227467","name":"Unnamed","x":61,"y":163,"icon":{"id":"psionup:ivoryChestplate"},"prerequisites":["aee6d066-06f9-4909-b9d5-9589a04d72db"],"commandrewards":[]},{"uuid":"2297ba75-f4ee-4469-8948-81510699976e","name":"Unnamed","x":184,"y":91,"icon":{"id":"tp:flint_pickaxe"},"prerequisites":["15c36f7c-3f43-441c-bcdc-dd9f308b4504"],"commandrewards":[]},{"uuid":"dccc7290-8c88-463c-8e6f-0b2e2c975b8f","name":"Unnamed","x":248,"y":8,"icon":{"id":"biomesoplenty:log_1","damage":5},"prerequisites":["9d20cc22-450a-4ac3-b25c-a03ee086312d"],"commandrewards":[]},{"uuid":"2ab1d80d-7d93-48e7-9d26-e693e19026d3","name":"Unnamed","x":103,"y":196,"icon":{"id":"minecraft:diamond_chestplate"},"prerequisites":["aee6d066-06f9-4909-b9d5-9589a04d72db"],"commandrewards":[]},{"uuid":"f3dd15a9-ac53-4ed8-96ba-eba30bf3fd05","name":"Unnamed","x":51,"y":94,"icon":{"id":"mysticalagriculture:tier3_crafting_seed"},"prerequisites":["71611872-5dad-4a08-8657-387b07591238"],"commandrewards":[]},{"uuid":"3ec9d93b-6c41-4dc4-91da-31dc9ccd4d92","name":"Unnamed","x":117,"y":167,"icon":{"id":"powersuits:powerArmorTorso","nbt":"{mmmpsmod:{}}"},"prerequisites":["aee6d066-06f9-4909-b9d5-9589a04d72db"],"commandrewards":[]},{"uuid":"6bc23fc4-6f2d-4b40-9455-fe5c54b0551e","name":"Unnamed","x":269,"y":195,"icon":{"id":"redstonearsenal:tool.sword_flux","nbt":"{Energy:160000}"},"prerequisites":["1932bd3d-8a88-4d7a-834d-2784515042aa"],"commandrewards":[]},{"uuid":"5a0bd9a0-1b7f-4789-ad14-09a32f12798e","name":"Unnamed","x":69,"y":9,"icon":{"id":"biomesoplenty:sapling_0","damage":6},"prerequisites":["133fcc15-2968-4f46-9d0d-249b485c8dbe"],"commandrewards":[]},{"uuid":"afe9a479-1152-41c8-8caa-3cedb1f37821","name":"Unnamed","x":293,"y":90,"icon":{"id":"thermalfoundation:ore","damage":6},"prerequisites":["2297ba75-f4ee-4469-8948-81510699976e"],"commandrewards":[]},{"uuid":"15c36f7c-3f43-441c-bcdc-dd9f308b4504","name":"Unnamed","x":158,"y":92,"icon":{"id":"minecraft:crafting_table"},"commandrewards":[]},{"uuid":"133fcc15-2968-4f46-9d0d-249b485c8dbe","name":"Unnamed","x":138,"y":31,"icon":{"id":"minecraft:sapling"},"prerequisites":["be861de0-03e8-4132-bb8d-105543b5c623"],"commandrewards":[]},{"uuid":"335fad7a-1a54-48c4-9690-cc11b2145488","name":"Unnamed","x":306,"y":8,"icon":{"id":"calculator:TanzaniteLog"},"prerequisites":["9d20cc22-450a-4ac3-b25c-a03ee086312d"],"commandrewards":[]},{"uuid":"faf3ac2c-6bf2-4849-a943-39ba31754065","name":"Unnamed","x":271,"y":135,"icon":{"id":"psi:psimetalPickaxe"},"prerequisites":["2297ba75-f4ee-4469-8948-81510699976e"],"commandrewards":[]},{"uuid":"71611872-5dad-4a08-8657-387b07591238","name":"Unnamed","x":132,"y":93,"icon":{"id":"tp:flint_hoe"},"prerequisites":["15c36f7c-3f43-441c-bcdc-dd9f308b4504"],"commandrewards":[]},{"uuid":"4d13c72a-aed3-4e2d-91ed-11cee0f5f3b7","name":"Unnamed","x":41,"y":9,"icon":{"id":"biomesoplenty:sapling_2","damage":4},"prerequisites":["133fcc15-2968-4f46-9d0d-249b485c8dbe"],"commandrewards":[]},{"uuid":"a9f81235-9cca-4894-be96-e9aeaf39d367","name":"Unnamed","x":96,"y":8,"icon":{"id":"biomesoplenty:sapling_0","damage":1},"prerequisites":["133fcc15-2968-4f46-9d0d-249b485c8dbe"],"commandrewards":[]},{"uuid":"0dc8c206-7fab-4f52-9a83-bf189985a7af","name":"Unnamed","x":17,"y":48,"icon":{"id":"extraplanets:canned_food","damage":3},"prerequisites":["71611872-5dad-4a08-8657-387b07591238"],"commandrewards":[]},{"uuid":"2939e287-9aae-45ac-86c6-b472550c5bae","name":"Unnamed","x":31,"y":164,"icon":{"id":"redstonearsenal:armor.plate_flux","nbt":"{Energy:400000}"},"prerequisites":["aee6d066-06f9-4909-b9d5-9589a04d72db"],"commandrewards":[]},{"uuid":"90eea3cf-322d-42a1-92a4-c7c9dc229d1e","name":"Unnamed","x":70,"y":137,"icon":{"id":"xlfoodmod:hamburger"},"prerequisites":["71611872-5dad-4a08-8657-387b07591238"],"commandrewards":[]},{"uuid":"b463de6c-a196-4b18-b893-5a456fa95c4b","name":"Unnamed","x":76,"y":196,"icon":{"id":"extraplanets:mercury_chest"},"prerequisites":["aee6d066-06f9-4909-b9d5-9589a04d72db"],"commandrewards":[]},{"uuid":"77a128b3-323d-4575-9eac-ac2cf12f7464","name":"Unnamed","x":218,"y":135,"icon":{"id":"galacticraftplanets:desh_pick"},"prerequisites":["2297ba75-f4ee-4469-8948-81510699976e"],"commandrewards":[]},{"uuid":"56ce4eb3-ef6e-4231-a2b1-eb3c71a09438","name":"Unnamed","x":20,"y":93,"icon":{"id":"mysticalagriculture:tier4_crafting_seed"},"prerequisites":["71611872-5dad-4a08-8657-387b07591238"],"commandrewards":[]},{"uuid":"d693df43-b3b3-4659-9ebb-358278e0f84d","name":"Unnamed","x":244,"y":135,"icon":{"id":"galacticraftplanets:volcanic_pickaxe"},"prerequisites":["2297ba75-f4ee-4469-8948-81510699976e"],"commandrewards":[]},{"uuid":"43707315-e43e-4180-9744-47f6a1dda5d4","name":"Unnamed","x":249,"y":51,"icon":{"id":"tp:birthday_pickaxe"},"prerequisites":["2297ba75-f4ee-4469-8948-81510699976e"],"commandrewards":[]},{"uuid":"d4516bf9-1f8c-40ab-b05d-0ea308109dfb","name":"Unnamed","x":265,"y":90,"icon":{"id":"minecraft:diamond_ore"},"prerequisites":["2297ba75-f4ee-4469-8948-81510699976e"],"commandrewards":[]},{"uuid":"e7a0f910-2835-4cbd-a50d-c3284aefe505","name":"Unnamed","x":213,"y":196,"icon":{"id":"randomthings:spectreSword"},"prerequisites":["1932bd3d-8a88-4d7a-834d-2784515042aa"],"commandrewards":[]},{"uuid":"0cd39a79-d638-4364-ab7a-ecd299d094e3","name":"Unnamed","x":43,"y":137,"icon":{"id":"xlfoodmod:chocolate_cake"},"prerequisites":["71611872-5dad-4a08-8657-387b07591238"],"commandrewards":[]},{"uuid":"fd9c1199-2dd9-43e9-b34f-0d7d3dc2d1a4","name":"Unnamed","x":230,"y":166,"icon":{"id":"galacticraftplanets:desh_sword"},"prerequisites":["1932bd3d-8a88-4d7a-834d-2784515042aa"],"commandrewards":[]},{"uuid":"2242b8a9-b7e7-4520-ae20-6bb286be1e5a","name":"Unnamed","x":278,"y":9,"icon":{"id":"biomesoplenty:log_2","damage":4},"prerequisites":["9d20cc22-450a-4ac3-b25c-a03ee086312d"],"commandrewards":[]},{"uuid":"213e40aa-c138-4e31-87e6-1d852e551b43","name":"Unnamed","x":199,"y":165,"icon":{"id":"minecraft:iron_sword"},"prerequisites":["1932bd3d-8a88-4d7a-834d-2784515042aa"],"commandrewards":[]},{"uuid":"d5c19feb-c560-4969-9e32-2e75ccec8b89","name":"Unnamed","x":88,"y":164,"icon":{"id":"psi:psimetalExosuitChestplate"},"prerequisites":["aee6d066-06f9-4909-b9d5-9589a04d72db"],"commandrewards":[]},{"uuid":"178de1d0-0b10-4518-a17c-4f7398c84fb1","name":"Unnamed","x":45,"y":48,"icon":{"id":"xlfoodmod:beer"},"prerequisites":["71611872-5dad-4a08-8657-387b07591238"],"commandrewards":[]},{"uuid":"6e7f73d8-9ec6-4c52-bdfa-5ba9ceada234","name":"Unnamed","x":16,"y":136,"icon":{"id":"calculator:CookedBroccoli"},"prerequisites":["71611872-5dad-4a08-8657-387b07591238"],"commandrewards":[]},{"uuid":"aee6d066-06f9-4909-b9d5-9589a04d72db","name":"Unnamed","x":143,"y":162,"icon":{"id":"tp:flint_chestplate"},"prerequisites":["15c36f7c-3f43-441c-bcdc-dd9f308b4504"],"commandrewards":[]},{"uuid":"a2f64ecf-b1bd-4153-8131-283d92adcef7","name":"Unnamed","x":101,"y":50,"icon":{"id":"simplyjuices:itemjuicestrawberry"},"prerequisites":["71611872-5dad-4a08-8657-387b07591238"],"commandrewards":[]},{"uuid":"3a8a71da-8827-4b91-94d9-5cb1692408ad","name":"Unnamed","x":241,"y":196,"icon":{"id":"psi:psimetalSword"},"prerequisites":["1932bd3d-8a88-4d7a-834d-2784515042aa"],"commandrewards":[]},{"uuid":"db65fe6c-bb6d-42aa-933f-3f949d26c8cd","name":"Unnamed","x":98,"y":137,"icon":{"id":"simplyjuices:blockbushstrawberry"},"prerequisites":["71611872-5dad-4a08-8657-387b07591238"],"commandrewards":[]},{"uuid":"1932bd3d-8a88-4d7a-834d-2784515042aa","name":"Unnamed","x":172,"y":162,"icon":{"id":"tp:flint_sword"},"prerequisites":["15c36f7c-3f43-441c-bcdc-dd9f308b4504"],"commandrewards":[]},{"uuid":"be861de0-03e8-4132-bb8d-105543b5c623","name":"Unnamed","x":158,"y":64,"icon":{"id":"tp:flint_axe"},"prerequisites":["15c36f7c-3f43-441c-bcdc-dd9f308b4504"],"commandrewards":[]},{"uuid":"1f815d1e-f95f-4395-b169-6b7e453596bf","name":"Unnamed","x":73,"y":49,"prerequisites":["71611872-5dad-4a08-8657-387b07591238"],"commandrewards":[]},{"uuid":"a89c8c65-a3ae-4f80-92cc-957ada8577e3","name":"Unnamed","x":48,"y":195,"icon":{"id":"galacticraftplanets:desh_chestplate"},"prerequisites":["aee6d066-06f9-4909-b9d5-9589a04d72db"],"commandrewards":[]},{"uuid":"2298fe74-2f6b-4104-9515-dde0ec63aceb","name":"Unnamed","x":14,"y":9,"icon":{"id":"calculator:AmethystSapling"},"prerequisites":["133fcc15-2968-4f46-9d0d-249b485c8dbe"],"commandrewards":[]},{"uuid":"48c514b7-1253-4bab-aa67-51e70f3d1ccf","name":"Unnamed","x":217,"y":9,"icon":{"id":"biomesoplenty:log_2","damage":5},"prerequisites":["9d20cc22-450a-4ac3-b25c-a03ee086312d"],"commandrewards":[]},{"uuid":"557a902b-94d8-4afd-9038-4df82a688a7a","name":"Unnamed","x":218,"y":51,"icon":{"id":"minecraft:diamond_pickaxe"},"prerequisites":["2297ba75-f4ee-4469-8948-81510699976e"],"commandrewards":[]},{"uuid":"996330e4-837a-44af-8b9e-2bc11b7fda6e","name":"Unnamed","x":285,"y":169,"icon":{"id":"calculator:EndForgedSword"},"prerequisites":["1932bd3d-8a88-4d7a-834d-2784515042aa"],"commandrewards":[]},{"uuid":"ef8f37b9-0477-4e16-91d4-1691fb50f077","name":"Unnamed","x":298,"y":137,"icon":{"id":"psionup:ivoryPickaxe"},"prerequisites":["2297ba75-f4ee-4469-8948-81510699976e"],"commandrewards":[]},{"uuid":"16332704-7d54-45d2-9da4-982e7f3569e5","name":"Unnamed","x":304,"y":52,"icon":{"id":"redstonearsenal:tool.pickaxe_flux","nbt":"{Energy:160000}"},"prerequisites":["2297ba75-f4ee-4469-8948-81510699976e"],"commandrewards":[]},{"uuid":"0d50886c-e02e-4f9c-97ce-51ea7ae4ccf9","name":"Unnamed","x":277,"y":51,"icon":{"id":"enderio:darkSteel_pickaxe"},"prerequisites":["2297ba75-f4ee-4469-8948-81510699976e"],"commandrewards":[]},{"uuid":"ec9e69b2-9231-431b-913b-7e7275b3a13d","name":"Unnamed","x":102,"y":96,"icon":{"id":"xlfoodmod:tomato_seeds"},"prerequisites":["71611872-5dad-4a08-8657-387b07591238"],"commandrewards":[]},{"uuid":"eea45aa9-7ee1-4178-888e-d14925142e4e","name":"Unnamed","x":76,"y":95,"icon":{"id":"calculator:BroccoliSeeds"},"prerequisites":["71611872-5dad-4a08-8657-387b07591238"],"commandrewards":[]}],"reputationBar":[]}