{"name":"Machines!","quests":[{"uuid":"77438ee2-130f-48ff-a510-04ec2d02fae1","name":"Unnamed","x":18,"y":143,"icon":{"id":"advancedrocketry:rollingMachine"},"commandrewards":[]},{"uuid":"52cc67a9-2a11-4442-8de4-1107c5db6b57","name":"Unnamed","x":20,"y":194,"icon":{"id":"advancedrocketry:precisionassemblingmachine"},"commandrewards":[]},{"uuid":"979df712-8fcf-4f5f-9b8f-86d2bcd2e506","name":"Unnamed","x":181,"y":42,"icon":{"id":"galacticraftcore:machine2"},"commandrewards":[]},{"uuid":"52c18354-6632-45bb-a5eb-d0e53e720da3","name":"Unnamed","x":18,"y":90,"icon":{"id":"advancedrocketry:lathe"},"commandrewards":[]},{"uuid":"be8668fe-92c9-4d43-8b05-194cdaa87c39","name":"Unnamed","x":181,"y":126,"icon":{"id":"galacticraftcore:refinery"},"commandrewards":[]},{"uuid":"71851956-ac98-4ab2-8bb0-c783c6aaeb5a","name":"Unnamed","x":179,"y":13,"icon":{"id":"galacticraftcore:machine2","damage":4},"commandrewards":[]},{"uuid":"02eab0ea-082b-4ed4-89a7-8b675650d1c9","name":"Unnamed","x":18,"y":63,"icon":{"id":"advancedrocketry:arcFurnace"},"commandrewards":[]},{"uuid":"7075dceb-3a79-4fa2-9496-14dcbf02fd87","name":"Unnamed","x":181,"y":99,"icon":{"id":"galacticraftcore:machine","damage":12},"commandrewards":[]},{"uuid":"1d21b2be-5a0d-409e-a08a-56fa6e8d6870","name":"Unnamed","x":18,"y":117,"icon":{"id":"advancedrocketry:crystallizer"},"commandrewards":[]},{"uuid":"76c84d61-65f7-4bd6-80b0-7b6024a2d658","name":"Unnamed","x":18,"y":37,"icon":{"id":"libvulpes:holoProjector"},"commandrewards":[]},{"uuid":"717eade0-85db-4973-b5ec-ec85598eabdf","name":"Unnamed","x":18,"y":10,"icon":{"id":"advancedrocketry:platePress"},"commandrewards":[]},{"uuid":"1b0da4fe-28d1-49c3-889d-703e41e6de2e","name":"Unnamed","x":180,"y":71,"icon":{"id":"galacticraftcore:collector"},"commandrewards":[]},{"uuid":"03739188-83ad-49ed-9f70-d5faaa190164","name":"Unnamed","x":18,"y":169,"icon":{"id":"advancedrocketry:cuttingMachine"},"commandrewards":[]}],"reputationBar":[]}