{"name":"Power Generation","quests":[{"uuid":"51da2a5a-9c64-4036-ab20-277b602e299b","name":"Unnamed","x":119,"y":193,"icon":{"id":"extrautils2:machine","nbt":"{Type:\"extrautils2:generator_overclock\"}"},"commandrewards":[]},{"uuid":"7b596b6d-6a80-4f48-a1e2-ce18cbe74e3a","name":"Unnamed","x":81,"y":122,"icon":{"id":"extrautils2:machine","nbt":"{Type:\"extrautils2:generator_tnt\"}"},"commandrewards":[]},{"uuid":"a998d6d8-e6f9-4091-aeb8-180b845c2d8e","name":"Unnamed","x":52,"y":42,"icon":{"id":"mekanismgenerators:Generator","damage":5},"commandrewards":[]},{"uuid":"f51a364e-b10a-4f29-966a-4d291419c714","name":"Unnamed","x":40,"y":145,"icon":{"id":"extrautils2:machine","nbt":"{Type:\"extrautils2:generator_ender\"}"},"commandrewards":[]},{"uuid":"e3eaf4fc-bdf8-4376-a6e1-614b376d796c","name":"Unnamed","x":249,"y":163,"icon":{"id":"mekanismgenerators:Reactor","damage":4},"commandrewards":[]},{"uuid":"f518722a-aee6-44e4-8b22-11eeaf543bf6","name":"Unnamed","x":67,"y":13,"icon":{"id":"galacticraftcore:solar","damage":4},"commandrewards":[]},{"uuid":"6cb76108-96ee-411a-aedc-0451eba46387","name":"Unnamed","x":14,"y":14,"icon":{"id":"extraplanets:solar","damage":4},"commandrewards":[]},{"uuid":"51bf26cd-fcdd-4025-b15a-4fd2f3a97cc3","name":"Unnamed","x":27,"y":42,"icon":{"id":"enderio:blockSolarPanel"},"commandrewards":[]},{"uuid":"241f7def-7efe-4020-8d90-84ab5516d700","name":"Unnamed","x":78,"y":41,"icon":{"id":"mekanismgenerators:Generator","damage":1},"commandrewards":[]},{"uuid":"73ed1281-f7d3-4b68-92ba-76a77a0071db","name":"Unnamed","x":107,"y":169,"icon":{"id":"extrautils2:machine","nbt":"{Type:\"extrautils2:generator_culinary\"}"},"commandrewards":[]},{"uuid":"69876db9-2e10-492e-bbbe-fcbe8d4e0b77","name":"Unnamed","x":40,"y":193,"icon":{"id":"mekanismgenerators:Generator","damage":3},"commandrewards":[]},{"uuid":"3437b64a-8fdd-4094-b9e7-e3ecb307498e","name":"Unnamed","x":40,"y":13,"icon":{"id":"extraplanets:solar"},"commandrewards":[]},{"uuid":"440c0b32-4b72-47b7-b44f-c6da03311c9e","name":"Unnamed","x":134,"y":168,"icon":{"id":"extrautils2:machine","nbt":"{Type:\"extrautils2:generator_death\"}"},"commandrewards":[]},{"uuid":"085bef7a-c2b1-4dcf-8197-7314a9b3ff2d","name":"Unnamed","x":78,"y":72,"icon":{"id":"mekanismgenerators:Generator","damage":6},"commandrewards":[]},{"uuid":"4034efce-a3d0-4ddf-9b17-a1395ca402e0","name":"Unnamed","x":110,"y":122,"icon":{"id":"extrautils2:machine","nbt":"{Type:\"extrautils2:generator_ice\"}"},"commandrewards":[]},{"uuid":"bbc3179b-5e64-42df-b656-38655b661957","name":"Unnamed","x":172,"y":12,"icon":{"id":"enderio:blockStirlingGenerator"},"commandrewards":[]},{"uuid":"ba93aedb-790e-4025-9503-85cf40831844","name":"Unnamed","x":105,"y":41,"icon":{"id":"enderio:blockSolarPanel","damage":1},"commandrewards":[]},{"uuid":"c9cde036-9403-4b5e-a562-764bc6120851","name":"Unnamed","x":225,"y":12,"icon":{"id":"extrautils2:machine","nbt":"{Type:\"extrautils2:generator\"}"},"commandrewards":[]},{"uuid":"c0df611d-bc96-4c29-a4e8-478da70d73cd","name":"Unnamed","x":304,"y":12,"icon":{"id":"extrautils2:machine","nbt":"{Type:\"extrautils2:generator_survival\"}"},"commandrewards":[]},{"uuid":"ef7d307a-92b3-4eac-8087-7a470d3a6912","name":"Unnamed","x":28,"y":168,"icon":{"id":"extrautils2:machine","nbt":"{Type:\"extrautils2:generator_enchant\"}"},"commandrewards":[]},{"uuid":"83068532-4db3-4b85-b5d9-c43a93c096ff","name":"Unnamed","x":234,"y":190,"icon":{"id":"mekanismgenerators:Reactor","damage":1},"commandrewards":[]},{"uuid":"4d002cc1-a23a-4653-b1af-1941421a0831","name":"Unnamed","x":53,"y":120,"icon":{"id":"extrautils2:rainbowgenerator"},"commandrewards":[]},{"uuid":"f0b04d2f-d06a-4d15-bbf5-b5e4a4776010","name":"Unnamed","x":200,"y":12,"icon":{"id":"integrateddynamics:coalGenerator"},"commandrewards":[]},{"uuid":"c18a5948-54e8-4404-8f3a-1b68ce1a305d","name":"Unnamed","x":231,"y":136,"icon":{"id":"mekanismgenerators:Reactor"},"commandrewards":[]},{"uuid":"40d95b71-a393-43f0-81e6-6ff8e70e6e4c","name":"Unnamed","x":68,"y":145,"icon":{"id":"extrautils2:machine","nbt":"{Type:\"extrautils2:generator_lava\"}"},"commandrewards":[]},{"uuid":"f8eb98fb-6ff5-4439-81bd-02d863d98d59","name":"Unnamed","x":121,"y":146,"icon":{"id":"enderio:blockCombustionGenerator"},"commandrewards":[]},{"uuid":"46b0061b-bfa7-4ebf-a931-c108544ece70","name":"Unnamed","x":80,"y":168,"icon":{"id":"extrautils2:machine","nbt":"{Type:\"extrautils2:generator_dragonsbreath\"}"},"commandrewards":[]},{"uuid":"6ad8be1d-f0bf-4750-a1ea-0ca9fb0e8dcd","name":"Unnamed","x":117,"y":14,"icon":{"id":"advancedrocketry:solarPanel"},"commandrewards":[]},{"uuid":"692a6267-5af2-402f-ae81-88530382509b","name":"Unnamed","x":143,"y":14,"icon":{"id":"advancedrocketry:solarGenerator"},"commandrewards":[]},{"uuid":"8291b20f-030b-4705-b00c-680844256740","name":"Unnamed","x":217,"y":165,"icon":{"id":"mekanismgenerators:Reactor","damage":3},"commandrewards":[]},{"uuid":"e15d4139-97f2-4bce-aae2-8042e63ecd89","name":"Unnamed","x":92,"y":13,"icon":{"id":"galacticraftcore:solar"},"commandrewards":[]},{"uuid":"8cc931c0-a25b-4040-8e7f-50836e2d1d30","name":"Unnamed","x":93,"y":193,"icon":{"id":"extrautils2:machine","nbt":"{Type:\"extrautils2:generator_netherstar\"}"},"commandrewards":[]},{"uuid":"dc649677-0668-4ef1-8ae5-789d9a2b7590","name":"Unnamed","x":54,"y":168,"icon":{"id":"extrautils2:machine","nbt":"{Type:\"extrautils2:generator_redstone\"}"},"commandrewards":[]},{"uuid":"dac63cf1-cf93-461d-a767-60211c8b92a8","name":"Unnamed","x":14,"y":193,"icon":{"id":"mekanismgenerators:Generator","damage":4},"commandrewards":[]},{"uuid":"ca07a882-f626-4d61-a600-ff6f8959a2fd","name":"Unnamed","x":145,"y":193,"icon":{"id":"extrautils2:machine","nbt":"{Type:\"extrautils2:generator_pink\"}"},"commandrewards":[]},{"uuid":"68c80b54-2267-46fd-a3df-c834027852f3","name":"Unnamed","x":278,"y":11,"icon":{"id":"libvulpes:coalGenerator"},"commandrewards":[]},{"uuid":"6c96d651-a889-4d7d-9854-7025bd62935e","name":"Unnamed","x":146,"y":146,"icon":{"id":"extrautils2:machine","nbt":"{Type:\"extrautils2:generator_slime\"}"},"commandrewards":[]},{"uuid":"1cb4df69-8676-4434-86db-d0bf8da41f7c","name":"Unnamed","x":66,"y":193,"icon":{"id":"mekanismgenerators:Generator"},"commandrewards":[]},{"uuid":"4a5393b7-8273-4c7b-8dbb-b6630d7df47e","name":"Unnamed","x":252,"y":12,"icon":{"id":"galacticraftcore:machine"},"commandrewards":[]},{"uuid":"0453a128-d4aa-4ea0-89f0-c315d80769b4","name":"Unnamed","x":12,"y":145,"icon":{"id":"extrautils2:machine","nbt":"{Type:\"extrautils2:generator_potion\"}"},"commandrewards":[]},{"uuid":"1c1909cb-c2c6-4911-9b21-b9b967b6972d","name":"Unnamed","x":132,"y":41,"icon":{"id":"enderio:blockSolarPanel","damage":2},"commandrewards":[]},{"uuid":"091e4fd1-3eee-4c06-a239-d68a79b25e14","name":"Unnamed","x":95,"y":145,"icon":{"id":"galacticraftplanets:geothermal_generator"},"commandrewards":[]}],"reputationBar":[]}